==============================================================
TLC RUN LOG
==============================================================
label            : fresh_verify_b2
date (local)     : 2026-08-06 22:10:22 +0300
repo branch      : protocol/domain-separation
repo commit      : 2465562791a918f82445ac474af5888a479299f9
git dirty        : YES
host             : MINGW64_NT-10.0-19045 x86_64
java             : openjdk version "17.0.10" 2024-01-16 LTS
tlc version      : TLC2 Version 2026.07.31.184830 (rev: 30cc360)
jar sha256       : e22f8ffb4bacdea0a871f444dd94fe5fb0d8013b3388ae39e82e26f852c735d5
jar size (bytes) : 4486015
config file      : MC_AuthGateV3_b2.cfg
bound / constraint: CONSTRAINT MCConstraint2
timeout (s)      : 2400
command line     : java -XX:+UseParallelGC -jar tla2tools.jar -workers auto -config MC_AuthGateV3_b2.cfg MC_AuthGateV3.tla
==============================================================

----- VERBATIM TLC OUTPUT (parser noise filtered) -----
TLC2 Version 2026.07.31.184830 (rev: 30cc360)
Running breadth-first search Model-Checking with fp 60 and seed -2458472719686808776 with 4 workers on 4 cores with 1803MB heap and 64MB offheap memory [pid: 2012] (Windows 10 10.0 amd64, Microsoft 17.0.10 64bit, MSBDiskFPSet, DiskStateQueue).
Starting... (2026-08-06 22:10:25)
Computing initial states...
Finished computing initial states: 1 distinct state generated at 2026-08-06 22:10:26.
Progress(5) at 2026-08-06 22:10:29: 19,708 states generated (19,708 s/min), 16,272 distinct states found (16,272 ds/min), 15,830 states left on queue.
Progress(6) at 2026-08-06 22:11:29: 756,815 states generated (737,107 s/min), 363,283 distinct states found (347,011 ds/min), 350,515 states left on queue.
Progress(6) at 2026-08-06 22:12:29: 1,561,769 states generated (804,954 s/min), 729,492 distinct states found (366,209 ds/min), 703,545 states left on queue.
Progress(6) at 2026-08-06 22:13:29: 2,338,385 states generated (776,616 s/min), 1,051,683 distinct states found (322,191 ds/min), 1,013,022 states left on queue.
Progress(6) at 2026-08-06 22:14:29: 3,295,025 states generated (956,640 s/min), 1,433,919 distinct states found (382,236 ds/min), 1,379,586 states left on queue.
Progress(6) at 2026-08-06 22:15:29: 4,413,697 states generated (1,118,672 s/min), 1,772,080 distinct states found (338,161 ds/min), 1,699,176 states left on queue.
Progress(6) at 2026-08-06 22:16:29: 5,456,650 states generated (1,042,953 s/min), 2,072,213 distinct states found (300,133 ds/min), 1,981,946 states left on queue.
Progress(6) at 2026-08-06 22:17:29: 6,415,744 states generated (959,094 s/min), 2,355,668 distinct states found (283,455 ds/min), 2,247,561 states left on queue.
Progress(6) at 2026-08-06 22:18:29: 7,462,281 states generated (1,046,537 s/min), 2,668,808 distinct states found (313,140 ds/min), 2,541,805 states left on queue.
Progress(7) at 2026-08-06 22:19:29: 8,284,053 states generated (821,772 s/min), 2,831,481 distinct states found (162,673 ds/min), 2,690,812 states left on queue.
Progress(7) at 2026-08-06 22:20:29: 9,336,223 states generated (1,052,170 s/min), 2,850,773 distinct states found (19,292 ds/min), 2,692,602 states left on queue.
Progress(7) at 2026-08-06 22:21:29: 10,504,460 states generated (1,168,237 s/min), 2,872,183 distinct states found (21,410 ds/min), 2,694,582 states left on queue.
Progress(7) at 2026-08-06 22:22:29: 11,301,459 states generated (796,999 s/min), 2,886,940 distinct states found (14,757 ds/min), 2,696,069 states left on queue.
Progress(7) at 2026-08-06 22:23:29: 11,405,327 states generated (103,868 s/min), 2,888,801 distinct states found (1,861 ds/min), 2,696,209 states left on queue.
Progress(7) at 2026-08-06 22:24:29: 11,523,305 states generated (117,978 s/min), 2,890,932 distinct states found (2,131 ds/min), 2,696,381 states left on queue.
Progress(7) at 2026-08-06 22:25:29: 12,502,239 states generated (978,934 s/min), 2,908,900 distinct states found (17,968 ds/min), 2,697,799 states left on queue.
Progress(7) at 2026-08-06 22:26:29: 13,694,088 states generated (1,191,849 s/min), 2,930,576 distinct states found (21,676 ds/min), 2,699,502 states left on queue.
Progress(7) at 2026-08-06 22:27:29: 14,805,448 states generated (1,111,360 s/min), 2,950,826 distinct states found (20,250 ds/min), 2,701,180 states left on queue.
Progress(7) at 2026-08-06 22:28:29: 15,946,354 states generated (1,140,906 s/min), 2,971,762 distinct states found (20,936 ds/min), 2,702,783 states left on queue.
Progress(7) at 2026-08-06 22:29:29: 17,093,773 states generated (1,147,419 s/min), 2,992,459 distinct states found (20,697 ds/min), 2,704,000 states left on queue.
Progress(7) at 2026-08-06 22:30:29: 17,279,879 states generated (186,106 s/min), 2,995,915 distinct states found (3,456 ds/min), 2,704,284 states left on queue.
Progress(7) at 2026-08-06 22:31:29: 17,396,774 states generated (116,895 s/min), 2,998,111 distinct states found (2,196 ds/min), 2,704,494 states left on queue.
Progress(7) at 2026-08-06 22:32:29: 17,495,789 states generated (99,015 s/min), 2,999,872 distinct states found (1,761 ds/min), 2,704,565 states left on queue.
Progress(7) at 2026-08-06 22:33:29: 17,889,925 states generated (394,136 s/min), 3,006,996 distinct states found (7,124 ds/min), 2,704,993 states left on queue.
Progress(7) at 2026-08-06 22:34:29: 19,077,911 states generated (1,187,986 s/min), 3,028,512 distinct states found (21,516 ds/min), 2,706,342 states left on queue.
Progress(7) at 2026-08-06 22:35:30: 20,249,613 states generated (1,171,702 s/min), 3,049,738 distinct states found (21,226 ds/min), 2,707,646 states left on queue.
Progress(7) at 2026-08-06 22:36:30: 21,454,014 states generated (1,204,401 s/min), 3,071,654 distinct states found (21,916 ds/min), 2,709,083 states left on queue.
Progress(7) at 2026-08-06 22:37:30: 22,081,225 states generated (627,211 s/min), 3,082,874 distinct states found (11,220 ds/min), 2,709,680 states left on queue.
Progress(7) at 2026-08-06 22:38:30: 22,156,118 states generated (74,893 s/min), 3,084,359 distinct states found (1,485 ds/min), 2,709,904 states left on queue.
Progress(7) at 2026-08-06 22:39:30: 22,207,647 states generated (51,529 s/min), 3,085,376 distinct states found (1,017 ds/min), 2,710,061 states left on queue.
Checkpointing of run states\26-08-06-22-10-23.926
Checkpointing completed at (2026-08-06 22:40:30)
Progress(7) at 2026-08-06 22:40:30: 22,553,818 states generated (346,171 s/min), 3,091,558 distinct states found (6,182 ds/min), 2,710,368 states left on queue.
Progress(7) at 2026-08-06 22:41:30: 23,072,889 states generated (519,071 s/min), 3,101,063 distinct states found (9,505 ds/min), 2,711,213 states left on queue.
Progress(7) at 2026-08-06 22:42:30: 23,779,258 states generated (706,369 s/min), 3,114,139 distinct states found (13,076 ds/min), 2,712,425 states left on queue.
Progress(7) at 2026-08-06 22:43:30: 24,363,618 states generated (584,360 s/min), 3,124,562 distinct states found (10,423 ds/min), 2,713,042 states left on queue.
Progress(7) at 2026-08-06 22:44:30: 24,657,563 states generated (293,945 s/min), 3,129,951 distinct states found (5,389 ds/min), 2,713,542 states left on queue.
Progress(7) at 2026-08-06 22:45:30: 24,693,347 states generated (35,784 s/min), 3,130,618 distinct states found (667 ds/min), 2,713,612 states left on queue.
Progress(7) at 2026-08-06 22:46:30: 24,724,240 states generated (30,893 s/min), 3,131,176 distinct states found (558 ds/min), 2,713,657 states left on queue.
Progress(7) at 2026-08-06 22:47:30: 24,889,558 states generated (165,318 s/min), 3,134,205 distinct states found (3,029 ds/min), 2,713,937 states left on queue.
Progress(7) at 2026-08-06 22:48:30: 25,393,607 states generated (504,049 s/min), 3,143,444 distinct states found (9,239 ds/min), 2,714,792 states left on queue.
Progress(7) at 2026-08-06 22:49:30: 26,061,857 states generated (668,250 s/min), 3,155,570 distinct states found (12,126 ds/min), 2,715,742 states left on queue.
Progress(7) at 2026-08-06 22:50:30: 26,841,832 states generated (779,975 s/min), 3,170,096 distinct states found (14,526 ds/min), 2,717,198 states left on queue.
Progress(7) at 2026-08-06 22:51:31: 27,303,937 states generated (462,105 s/min), 3,178,406 distinct states found (8,310 ds/min), 2,717,723 states left on queue.
Progress(7) at 2026-08-06 22:52:31: 27,351,424 states generated (47,487 s/min), 3,179,309 distinct states found (903 ds/min), 2,717,806 states left on queue.
Progress(7) at 2026-08-06 22:53:31: 27,406,276 states generated (54,852 s/min), 3,180,357 distinct states found (1,048 ds/min), 2,717,939 states left on queue.
Progress(7) at 2026-08-06 22:54:31: 27,616,708 states generated (210,432 s/min), 3,183,999 distinct states found (3,642 ds/min), 2,718,023 states left on queue.
Progress(7) at 2026-08-06 22:55:31: 28,361,858 states generated (745,150 s/min), 3,197,711 distinct states found (13,712 ds/min), 2,719,096 states left on queue.
Progress(7) at 2026-08-06 22:56:31: 28,806,828 states generated (444,970 s/min), 3,205,805 distinct states found (8,094 ds/min), 2,719,633 states left on queue.
Progress(7) at 2026-08-06 22:57:31: 29,097,067 states generated (290,239 s/min), 3,210,981 distinct states found (5,176 ds/min), 2,719,888 states left on queue.
Progress(7) at 2026-08-06 22:58:31: 29,380,849 states generated (283,782 s/min), 3,215,958 distinct states found (4,977 ds/min), 2,720,034 states left on queue.
Progress(7) at 2026-08-06 22:59:31: 29,411,128 states generated (30,279 s/min), 3,216,506 distinct states found (548 ds/min), 2,720,079 states left on queue.
Progress(7) at 2026-08-06 23:00:31: 29,448,311 states generated (37,183 s/min), 3,217,190 distinct states found (684 ds/min), 2,720,144 states left on queue.
Progress(7) at 2026-08-06 23:01:31: 29,538,391 states generated (90,080 s/min), 3,218,837 distinct states found (1,647 ds/min), 2,720,293 states left on queue.
Progress(7) at 2026-08-06 23:02:32: 29,810,016 states generated (271,625 s/min), 3,223,883 distinct states found (5,046 ds/min), 2,720,812 states left on queue.
Progress(7) at 2026-08-06 23:03:32: 30,042,303 states generated (232,287 s/min), 3,228,159 distinct states found (4,276 ds/min), 2,721,200 states left on queue.
Progress(7) at 2026-08-06 23:04:32: 30,236,813 states generated (194,510 s/min), 3,231,615 distinct states found (3,456 ds/min), 2,721,401 states left on queue.
Progress(7) at 2026-08-06 23:05:32: 30,437,004 states generated (200,191 s/min), 3,235,296 distinct states found (3,681 ds/min), 2,721,751 states left on queue.
Progress(7) at 2026-08-06 23:06:32: 30,460,243 states generated (23,239 s/min), 3,235,717 distinct states found (421 ds/min), 2,721,786 states left on queue.
Progress(7) at 2026-08-06 23:07:32: 30,480,341 states generated (20,098 s/min), 3,236,086 distinct states found (369 ds/min), 2,721,821 states left on queue.
Progress(7) at 2026-08-06 23:08:33: 30,503,202 states generated (22,861 s/min), 3,236,501 distinct states found (415 ds/min), 2,721,856 states left on queue.
Progress(7) at 2026-08-06 23:09:33: 30,704,347 states generated (201,145 s/min), 3,240,242 distinct states found (3,741 ds/min), 2,722,229 states left on queue.
Checkpointing of run states\26-08-06-22-10-23.926
Checkpointing completed at (2026-08-06 23:10:33)
Progress(7) at 2026-08-06 23:10:33: 30,891,940 states generated (187,593 s/min), 3,243,614 distinct states found (3,372 ds/min), 2,722,480 states left on queue.
Progress(7) at 2026-08-06 23:11:33: 31,081,832 states generated (189,892 s/min), 3,247,044 distinct states found (3,430 ds/min), 2,722,737 states left on queue.
Progress(7) at 2026-08-06 23:12:34: 31,301,635 states generated (219,803 s/min), 3,251,132 distinct states found (4,088 ds/min), 2,723,159 states left on queue.
Progress(7) at 2026-08-06 23:13:34: 31,399,760 states generated (98,125 s/min), 3,252,883 distinct states found (1,751 ds/min), 2,723,239 states left on queue.
Progress(7) at 2026-08-06 23:14:34: 31,419,352 states generated (19,592 s/min), 3,253,336 distinct states found (453 ds/min), 2,723,349 states left on queue.
Progress(7) at 2026-08-06 23:15:34: 31,435,394 states generated (16,042 s/min), 3,253,597 distinct states found (261 ds/min), 2,723,343 states left on queue.
Progress(7) at 2026-08-06 23:16:34: 31,625,132 states generated (189,738 s/min), 3,256,998 distinct states found (3,401 ds/min), 2,723,532 states left on queue.
Progress(7) at 2026-08-06 23:17:34: 31,875,591 states generated (250,459 s/min), 3,261,691 distinct states found (4,693 ds/min), 2,724,021 states left on queue.
Progress(7) at 2026-08-06 23:18:35: 32,154,238 states generated (278,647 s/min), 3,266,660 distinct states found (4,969 ds/min), 2,724,266 states left on queue.
Progress(7) at 2026-08-06 23:19:35: 32,437,700 states generated (283,462 s/min), 3,271,883 distinct states found (5,223 ds/min), 2,724,676 states left on queue.
Progress(7) at 2026-08-06 23:20:35: 32,598,298 states generated (160,598 s/min), 3,274,759 distinct states found (2,876 ds/min), 2,724,823 states left on queue.
Progress(7) at 2026-08-06 23:21:35: 32,626,749 states generated (28,451 s/min), 3,275,214 distinct states found (455 ds/min), 2,724,789 states left on queue.
Progress(7) at 2026-08-06 23:22:36: 32,656,728 states generated (29,979 s/min), 3,275,851 distinct states found (637 ds/min), 2,724,911 states left on queue.
Progress(7) at 2026-08-06 23:23:36: 32,791,959 states generated (135,231 s/min), 3,278,359 distinct states found (2,508 ds/min), 2,725,141 states left on queue.
Progress(7) at 2026-08-06 23:24:36: 33,025,882 states generated (233,923 s/min), 3,282,597 distinct states found (4,238 ds/min), 2,725,395 states left on queue.
Progress(7) at 2026-08-06 23:25:36: 33,220,477 states generated (194,595 s/min), 3,286,191 distinct states found (3,594 ds/min), 2,725,677 states left on queue.
Progress(7) at 2026-08-06 23:26:36: 33,422,055 states generated (201,578 s/min), 3,289,909 distinct states found (3,718 ds/min), 2,725,967 states left on queue.
Progress(7) at 2026-08-06 23:27:36: 33,644,560 states generated (222,505 s/min), 3,293,830 distinct states found (3,921 ds/min), 2,726,125 states left on queue.
Progress(7) at 2026-08-06 23:28:36: 33,674,182 states generated (29,622 s/min), 3,294,311 distinct states found (481 ds/min), 2,726,095 states left on queue.
Progress(7) at 2026-08-06 23:29:37: 33,695,628 states generated (21,446 s/min), 3,294,790 distinct states found (479 ds/min), 2,726,200 states left on queue.
Progress(7) at 2026-08-06 23:30:37: 33,748,971 states generated (53,343 s/min), 3,295,663 distinct states found (873 ds/min), 2,726,176 states left on queue.
Progress(7) at 2026-08-06 23:31:37: 34,010,032 states generated (261,061 s/min), 3,300,490 distinct states found (4,827 ds/min), 2,726,553 states left on queue.
Progress(7) at 2026-08-06 23:32:37: 34,252,264 states generated (242,232 s/min), 3,304,859 distinct states found (4,369 ds/min), 2,726,813 states left on queue.
Progress(7) at 2026-08-06 23:33:37: 34,459,391 states generated (207,127 s/min), 3,308,665 distinct states found (3,806 ds/min), 2,727,093 states left on queue.
Progress(7) at 2026-08-06 23:34:37: 34,704,519 states generated (245,128 s/min), 3,313,094 distinct states found (4,429 ds/min), 2,727,375 states left on queue.
Progress(7) at 2026-08-06 23:35:38: 34,739,744 states generated (35,225 s/min), 3,313,668 distinct states found (574 ds/min), 2,727,350 states left on queue.
Progress(7) at 2026-08-06 23:36:38: 34,764,337 states generated (24,593 s/min), 3,314,058 distinct states found (390 ds/min), 2,727,317 states left on queue.
Progress(7) at 2026-08-06 23:37:38: 34,791,704 states generated (27,367 s/min), 3,314,650 distinct states found (592 ds/min), 2,727,432 states left on queue.
Progress(7) at 2026-08-06 23:38:38: 35,078,110 states generated (286,406 s/min), 3,319,739 distinct states found (5,089 ds/min), 2,727,666 states left on queue.
Progress(7) at 2026-08-06 23:39:38: 35,339,949 states generated (261,839 s/min), 3,324,601 distinct states found (4,862 ds/min), 2,728,090 states left on queue.
Checkpointing of run states\26-08-06-22-10-23.926
Checkpointing completed at (2026-08-06 23:40:38)
Progress(7) at 2026-08-06 23:40:38: 35,591,184 states generated (251,235 s/min), 3,329,112 distinct states found (4,511 ds/min), 2,728,328 states left on queue.
Progress(7) at 2026-08-06 23:41:39: 35,881,458 states generated (290,274 s/min), 3,334,413 distinct states found (5,301 ds/min), 2,728,686 states left on queue.
Progress(7) at 2026-08-06 23:42:39: 36,022,662 states generated (141,204 s/min), 3,336,996 distinct states found (2,583 ds/min), 2,728,861 states left on queue.
Progress(7) at 2026-08-06 23:43:39: 36,052,178 states generated (29,516 s/min), 3,337,488 distinct states found (492 ds/min), 2,728,868 states left on queue.
Progress(7) at 2026-08-06 23:44:39: 36,084,299 states generated (32,121 s/min), 3,338,004 distinct states found (516 ds/min), 2,728,832 states left on queue.
Progress(7) at 2026-08-06 23:45:39: 36,263,171 states generated (178,872 s/min), 3,341,357 distinct states found (3,353 ds/min), 2,729,147 states left on queue.
Progress(7) at 2026-08-06 23:46:39: 36,531,158 states generated (267,987 s/min), 3,346,285 distinct states found (4,928 ds/min), 2,729,505 states left on queue.
Progress(7) at 2026-08-06 23:47:39: 36,811,466 states generated (280,308 s/min), 3,351,430 distinct states found (5,145 ds/min), 2,729,883 states left on queue.
Progress(7) at 2026-08-06 23:48:40: 37,134,333 states generated (322,867 s/min), 3,357,111 distinct states found (5,681 ds/min), 2,730,097 states left on queue.
Progress(7) at 2026-08-06 23:49:40: 37,423,023 states generated (288,690 s/min), 3,362,390 distinct states found (5,279 ds/min), 2,730,467 states left on queue.
Progress(7) at 2026-08-06 23:50:40: 37,520,248 states generated (97,225 s/min), 3,364,109 distinct states found (1,719 ds/min), 2,730,525 states left on queue.
Progress(7) at 2026-08-06 23:51:40: 37,553,580 states generated (33,332 s/min), 3,364,805 distinct states found (696 ds/min), 2,730,659 states left on queue.
Progress(7) at 2026-08-06 23:52:40: 37,586,275 states generated (32,695 s/min), 3,365,340 distinct states found (535 ds/min), 2,730,657 states left on queue.
Progress(7) at 2026-08-06 23:53:40: 37,858,052 states generated (271,777 s/min), 3,370,192 distinct states found (4,852 ds/min), 2,730,882 states left on queue.
Progress(7) at 2026-08-06 23:54:41: 38,141,864 states generated (283,812 s/min), 3,375,383 distinct states found (5,191 ds/min), 2,731,240 states left on queue.
Progress(7) at 2026-08-06 23:55:41: 38,426,514 states generated (284,650 s/min), 3,380,484 distinct states found (5,101 ds/min), 2,731,516 states left on queue.
Progress(7) at 2026-08-06 23:56:41: 38,804,952 states generated (378,438 s/min), 3,387,348 distinct states found (6,864 ds/min), 2,732,040 states left on queue.
Progress(7) at 2026-08-06 23:57:41: 39,031,471 states generated (226,519 s/min), 3,391,494 distinct states found (4,146 ds/min), 2,732,420 states left on queue.
Progress(7) at 2026-08-06 23:58:41: 39,068,529 states generated (37,058 s/min), 3,392,286 distinct states found (792 ds/min), 2,732,587 states left on queue.
Progress(7) at 2026-08-06 23:59:41: 39,109,622 states generated (41,093 s/min), 3,393,006 distinct states found (720 ds/min), 2,732,627 states left on queue.
Progress(7) at 2026-08-07 00:00:41: 39,305,322 states generated (195,700 s/min), 3,396,543 distinct states found (3,537 ds/min), 2,732,894 states left on queue.
Progress(7) at 2026-08-07 00:01:41: 39,881,837 states generated (576,515 s/min), 3,407,059 distinct states found (10,516 ds/min), 2,733,810 states left on queue.
Progress(7) at 2026-08-07 00:02:41: 40,370,854 states generated (489,017 s/min), 3,415,966 distinct states found (8,907 ds/min), 2,734,564 states left on queue.
Progress(7) at 2026-08-07 00:03:41: 40,753,163 states generated (382,309 s/min), 3,422,962 distinct states found (6,996 ds/min), 2,735,204 states left on queue.
Progress(7) at 2026-08-07 00:04:41: 41,234,091 states generated (480,928 s/min), 3,431,783 distinct states found (8,821 ds/min), 2,736,024 states left on queue.
Progress(7) at 2026-08-07 00:05:41: 41,435,244 states generated (201,153 s/min), 3,435,473 distinct states found (3,690 ds/min), 2,736,369 states left on queue.
Progress(7) at 2026-08-07 00:06:42: 41,492,905 states generated (57,661 s/min), 3,436,527 distinct states found (1,054 ds/min), 2,736,464 states left on queue.
Progress(7) at 2026-08-07 00:07:42: 41,547,030 states generated (54,125 s/min), 3,437,523 distinct states found (996 ds/min), 2,736,559 states left on queue.
Progress(7) at 2026-08-07 00:08:42: 42,048,813 states generated (501,783 s/min), 3,446,730 distinct states found (9,207 ds/min), 2,737,419 states left on queue.
Progress(7) at 2026-08-07 00:09:42: 42,495,735 states generated (446,922 s/min), 3,455,097 distinct states found (8,367 ds/min), 2,738,286 states left on queue.
Checkpointing of run states\26-08-06-22-10-23.926
Checkpointing completed at (2026-08-07 00:10:42)
Progress(7) at 2026-08-07 00:10:42: 42,893,826 states generated (398,091 s/min), 3,462,296 distinct states found (7,199 ds/min), 2,738,717 states left on queue.
Progress(7) at 2026-08-07 00:11:42: 43,297,504 states generated (403,678 s/min), 3,469,608 distinct states found (7,312 ds/min), 2,739,191 states left on queue.
Progress(7) at 2026-08-07 00:12:42: 43,644,302 states generated (346,798 s/min), 3,475,986 distinct states found (6,378 ds/min), 2,739,690 states left on queue.
Progress(7) at 2026-08-07 00:13:42: 43,786,420 states generated (142,118 s/min), 3,478,570 distinct states found (2,584 ds/min), 2,739,841 states left on queue.
Progress(7) at 2026-08-07 00:14:42: 43,815,999 states generated (29,579 s/min), 3,479,067 distinct states found (497 ds/min), 2,739,849 states left on queue.
Progress(7) at 2026-08-07 00:15:42: 43,842,435 states generated (26,436 s/min), 3,479,640 distinct states found (573 ds/min), 2,739,960 states left on queue.
Progress(7) at 2026-08-07 00:16:43: 44,001,793 states generated (159,358 s/min), 3,482,510 distinct states found (2,870 ds/min), 2,740,117 states left on queue.
Progress(7) at 2026-08-07 00:17:43: 44,263,322 states generated (261,529 s/min), 3,487,203 distinct states found (4,693 ds/min), 2,740,385 states left on queue.
Progress(7) at 2026-08-07 00:18:43: 44,499,987 states generated (236,665 s/min), 3,491,482 distinct states found (4,279 ds/min), 2,740,631 states left on queue.
Progress(7) at 2026-08-07 00:19:43: 44,815,207 states generated (315,220 s/min), 3,497,194 distinct states found (5,712 ds/min), 2,740,998 states left on queue.
Progress(7) at 2026-08-07 00:20:43: 44,908,036 states generated (92,829 s/min), 3,498,843 distinct states found (1,649 ds/min), 2,741,059 states left on queue.
Progress(7) at 2026-08-07 00:21:43: 44,936,854 states generated (28,818 s/min), 3,499,461 distinct states found (618 ds/min), 2,741,178 states left on queue.
Progress(7) at 2026-08-07 00:22:43: 44,970,600 states generated (33,746 s/min), 3,500,010 distinct states found (549 ds/min), 2,741,167 states left on queue.
Progress(7) at 2026-08-07 00:23:44: 45,085,300 states generated (114,700 s/min), 3,502,025 distinct states found (2,015 ds/min), 2,741,231 states left on queue.
Progress(7) at 2026-08-07 00:24:44: 45,327,947 states generated (242,647 s/min), 3,506,571 distinct states found (4,546 ds/min), 2,741,664 states left on queue.
Progress(7) at 2026-08-07 00:25:44: 45,580,012 states generated (252,065 s/min), 3,510,978 distinct states found (4,407 ds/min), 2,741,765 states left on queue.
Progress(7) at 2026-08-07 00:26:44: 45,872,832 states generated (292,820 s/min), 3,516,286 distinct states found (5,308 ds/min), 2,742,106 states left on queue.
Progress(7) at 2026-08-07 00:27:44: 45,925,938 states generated (53,106 s/min), 3,517,298 distinct states found (1,012 ds/min), 2,742,222 states left on queue.
Progress(7) at 2026-08-07 00:28:44: 45,960,552 states generated (34,614 s/min), 3,518,002 distinct states found (704 ds/min), 2,742,334 states left on queue.
Progress(7) at 2026-08-07 00:29:44: 45,992,938 states generated (32,386 s/min), 3,518,535 distinct states found (533 ds/min), 2,742,324 states left on queue.
Progress(7) at 2026-08-07 00:30:45: 46,083,866 states generated (90,928 s/min), 3,520,160 distinct states found (1,625 ds/min), 2,742,401 states left on queue.
Progress(7) at 2026-08-07 00:31:45: 46,351,640 states generated (267,774 s/min), 3,525,083 distinct states found (4,923 ds/min), 2,742,754 states left on queue.
Progress(7) at 2026-08-07 00:32:45: 46,635,356 states generated (283,716 s/min), 3,530,134 distinct states found (5,051 ds/min), 2,742,999 states left on queue.
Progress(7) at 2026-08-07 00:33:45: 46,894,445 states generated (259,089 s/min), 3,534,944 distinct states found (4,810 ds/min), 2,743,407 states left on queue.
Progress(7) at 2026-08-07 00:34:45: 47,075,080 states generated (180,635 s/min), 3,538,160 distinct states found (3,216 ds/min), 2,743,556 states left on queue.
Progress(7) at 2026-08-07 00:35:45: 47,103,480 states generated (28,400 s/min), 3,538,782 distinct states found (622 ds/min), 2,743,683 states left on queue.
Progress(7) at 2026-08-07 00:36:45: 47,134,470 states generated (30,990 s/min), 3,539,275 distinct states found (493 ds/min), 2,743,662 states left on queue.
Progress(7) at 2026-08-07 00:37:46: 47,258,591 states generated (124,121 s/min), 3,541,587 distinct states found (2,312 ds/min), 2,743,864 states left on queue.
Progress(7) at 2026-08-07 00:38:46: 47,540,983 states generated (282,392 s/min), 3,546,615 distinct states found (5,028 ds/min), 2,744,099 states left on queue.
Progress(7) at 2026-08-07 00:39:46: 47,786,724 states generated (245,741 s/min), 3,551,061 distinct states found (4,446 ds/min), 2,744,366 states left on queue.
Checkpointing of run states\26-08-06-22-10-23.926
Checkpointing completed at (2026-08-07 00:40:46)
Progress(7) at 2026-08-07 00:40:46: 48,042,322 states generated (255,598 s/min), 3,555,643 distinct states found (4,582 ds/min), 2,744,597 states left on queue.
Progress(7) at 2026-08-07 00:41:46: 48,353,464 states generated (311,142 s/min), 3,561,320 distinct states found (5,677 ds/min), 2,745,046 states left on queue.
Progress(7) at 2026-08-07 00:42:46: 48,679,965 states generated (326,501 s/min), 3,567,230 distinct states found (5,910 ds/min), 2,745,506 states left on queue.
Progress(7) at 2026-08-07 00:43:46: 48,983,070 states generated (303,105 s/min), 3,572,768 distinct states found (5,538 ds/min), 2,745,998 states left on queue.
Progress(7) at 2026-08-07 00:44:47: 49,254,366 states generated (271,296 s/min), 3,577,746 distinct states found (4,978 ds/min), 2,746,464 states left on queue.
Progress(7) at 2026-08-07 00:45:47: 49,292,743 states generated (38,377 s/min), 3,578,444 distinct states found (698 ds/min), 2,746,524 states left on queue.
Progress(7) at 2026-08-07 00:46:47: 49,325,871 states generated (33,128 s/min), 3,579,060 distinct states found (616 ds/min), 2,746,589 states left on queue.
Progress(7) at 2026-08-07 00:47:47: 49,585,549 states generated (259,678 s/min), 3,583,763 distinct states found (4,703 ds/min), 2,746,973 states left on queue.
Progress(7) at 2026-08-07 00:48:47: 49,945,421 states generated (359,872 s/min), 3,590,545 distinct states found (6,782 ds/min), 2,747,736 states left on queue.
Progress(7) at 2026-08-07 00:49:47: 50,302,010 states generated (356,589 s/min), 3,596,937 distinct states found (6,392 ds/min), 2,748,133 states left on queue.
Progress(7) at 2026-08-07 00:50:47: 50,737,969 states generated (435,959 s/min), 3,604,868 distinct states found (7,931 ds/min), 2,748,679 states left on queue.
Progress(7) at 2026-08-07 00:51:47: 51,136,464 states generated (398,495 s/min), 3,612,226 distinct states found (7,358 ds/min), 2,749,249 states left on queue.
Progress(7) at 2026-08-07 00:52:47: 51,528,588 states generated (392,124 s/min), 3,619,331 distinct states found (7,105 ds/min), 2,749,707 states left on queue.
Progress(7) at 2026-08-07 00:53:47: 51,575,437 states generated (46,849 s/min), 3,620,242 distinct states found (911 ds/min), 2,749,819 states left on queue.
Progress(7) at 2026-08-07 00:54:48: 51,624,931 states generated (49,494 s/min), 3,621,053 distinct states found (811 ds/min), 2,749,802 states left on queue.
Progress(7) at 2026-08-07 00:55:48: 51,676,013 states generated (51,082 s/min), 3,622,028 distinct states found (975 ds/min), 2,749,883 states left on queue.
Progress(7) at 2026-08-07 00:56:48: 51,730,215 states generated (54,202 s/min), 3,622,899 distinct states found (871 ds/min), 2,749,851 states left on queue.
Progress(7) at 2026-08-07 00:57:48: 52,051,112 states generated (320,897 s/min), 3,628,852 distinct states found (5,953 ds/min), 2,750,354 states left on queue.
Progress(7) at 2026-08-07 00:58:48: 52,468,970 states generated (417,858 s/min), 3,636,393 distinct states found (7,541 ds/min), 2,750,801 states left on queue.
Progress(7) at 2026-08-07 00:59:48: 53,070,560 states generated (601,590 s/min), 3,647,313 distinct states found (10,920 ds/min), 2,751,475 states left on queue.
Progress(7) at 2026-08-07 01:00:48: 53,165,859 states generated (95,299 s/min), 3,649,008 distinct states found (1,695 ds/min), 2,751,556 states left on queue.
Progress(7) at 2026-08-07 01:01:48: 53,254,431 states generated (88,572 s/min), 3,650,603 distinct states found (1,595 ds/min), 2,751,645 states left on queue.
Progress(7) at 2026-08-07 01:02:48: 53,341,670 states generated (87,239 s/min), 3,652,312 distinct states found (1,709 ds/min), 2,751,877 states left on queue.
Progress(7) at 2026-08-07 01:03:48: 53,473,237 states generated (131,567 s/min), 3,654,606 distinct states found (2,294 ds/min), 2,751,950 states left on queue.
Progress(7) at 2026-08-07 01:04:48: 53,586,869 states generated (113,632 s/min), 3,656,884 distinct states found (2,278 ds/min), 2,752,265 states left on queue.
Progress(7) at 2026-08-07 01:05:48: 53,693,714 states generated (106,845 s/min), 3,658,623 distinct states found (1,739 ds/min), 2,752,225 states left on queue.
Progress(7) at 2026-08-07 01:06:48: 54,650,801 states generated (957,087 s/min), 3,676,065 distinct states found (17,442 ds/min), 2,753,359 states left on queue.
Progress(7) at 2026-08-07 01:07:48: 55,760,421 states generated (1,109,620 s/min), 3,696,042 distinct states found (19,977 ds/min), 2,754,831 states left on queue.
Progress(7) at 2026-08-07 01:08:48: 56,348,846 states generated (588,425 s/min), 3,706,835 distinct states found (10,793 ds/min), 2,755,836 states left on queue.
Progress(7) at 2026-08-07 01:09:48: 56,473,694 states generated (124,848 s/min), 3,709,254 distinct states found (2,419 ds/min), 2,756,168 states left on queue.
Checkpointing of run states\26-08-06-22-10-23.926
Checkpointing completed at (2026-08-07 01:10:48)
Progress(7) at 2026-08-07 01:10:48: 56,583,144 states generated (109,450 s/min), 3,711,295 distinct states found (2,041 ds/min), 2,756,390 states left on queue.
Progress(7) at 2026-08-07 01:11:49: 56,708,730 states generated (125,586 s/min), 3,713,550 distinct states found (2,255 ds/min), 2,756,527 states left on queue.
Progress(7) at 2026-08-07 01:12:49: 56,841,612 states generated (132,882 s/min), 3,716,027 distinct states found (2,477 ds/min), 2,756,740 states left on queue.
Progress(7) at 2026-08-07 01:13:49: 56,981,740 states generated (140,128 s/min), 3,718,532 distinct states found (2,505 ds/min), 2,756,890 states left on queue.
Progress(7) at 2026-08-07 01:14:49: 57,116,159 states generated (134,419 s/min), 3,721,125 distinct states found (2,593 ds/min), 2,757,196 states left on queue.
Progress(7) at 2026-08-07 01:15:49: 57,774,077 states generated (657,918 s/min), 3,732,986 distinct states found (11,861 ds/min), 2,757,881 states left on queue.
Progress(7) at 2026-08-07 01:16:49: 58,884,383 states generated (1,110,306 s/min), 3,753,000 distinct states found (20,014 ds/min), 2,759,245 states left on queue.
Progress(7) at 2026-08-07 01:17:49: 59,755,515 states generated (871,132 s/min), 3,768,976 distinct states found (15,976 ds/min), 2,760,730 states left on queue.
Progress(7) at 2026-08-07 01:18:49: 59,882,909 states generated (127,394 s/min), 3,771,310 distinct states found (2,334 ds/min), 2,760,945 states left on queue.
Progress(7) at 2026-08-07 01:19:49: 60,000,600 states generated (117,691 s/min), 3,773,687 distinct states found (2,377 ds/min), 2,761,349 states left on queue.
Progress(7) at 2026-08-07 01:20:49: 60,109,876 states generated (109,276 s/min), 3,775,596 distinct states found (1,909 ds/min), 2,761,442 states left on queue.
Progress(7) at 2026-08-07 01:21:49: 60,236,621 states generated (126,745 s/min), 3,777,880 distinct states found (2,284 ds/min), 2,761,583 states left on queue.
Progress(7) at 2026-08-07 01:22:49: 60,375,988 states generated (139,367 s/min), 3,780,428 distinct states found (2,548 ds/min), 2,761,768 states left on queue.
Progress(7) at 2026-08-07 01:23:49: 60,523,477 states generated (147,489 s/min), 3,783,121 distinct states found (2,693 ds/min), 2,761,955 states left on queue.
Progress(7) at 2026-08-07 01:24:49: 60,724,660 states generated (201,183 s/min), 3,786,816 distinct states found (3,695 ds/min), 2,762,260 states left on queue.
Progress(7) at 2026-08-07 01:25:49: 61,941,581 states generated (1,216,921 s/min), 3,809,084 distinct states found (22,268 ds/min), 2,763,837 states left on queue.
Progress(7) at 2026-08-07 01:26:49: 63,064,185 states generated (1,122,604 s/min), 3,829,222 distinct states found (20,138 ds/min), 2,764,908 states left on queue.
Progress(7) at 2026-08-07 01:27:49: 63,320,427 states generated (256,242 s/min), 3,833,970 distinct states found (4,748 ds/min), 2,765,288 states left on queue.
Progress(7) at 2026-08-07 01:28:49: 63,460,611 states generated (140,184 s/min), 3,836,398 distinct states found (2,428 ds/min), 2,765,345 states left on queue.
Progress(7) at 2026-08-07 01:29:49: 63,593,939 states generated (133,328 s/min), 3,839,014 distinct states found (2,616 ds/min), 2,765,703 states left on queue.
Progress(7) at 2026-08-07 01:30:49: 63,729,110 states generated (135,171 s/min), 3,841,493 distinct states found (2,479 ds/min), 2,765,857 states left on queue.
Progress(7) at 2026-08-07 01:31:49: 63,850,782 states generated (121,672 s/min), 3,843,620 distinct states found (2,127 ds/min), 2,765,935 states left on queue.
Progress(7) at 2026-08-07 01:32:49: 63,985,849 states generated (135,067 s/min), 3,846,102 distinct states found (2,482 ds/min), 2,766,109 states left on queue.
Progress(7) at 2026-08-07 01:33:49: 64,128,405 states generated (142,556 s/min), 3,848,663 distinct states found (2,561 ds/min), 2,766,254 states left on queue.
Progress(7) at 2026-08-07 01:34:49: 65,116,721 states generated (988,316 s/min), 3,866,708 distinct states found (18,045 ds/min), 2,767,735 states left on queue.
Progress(7) at 2026-08-07 01:35:49: 66,251,512 states generated (1,134,791 s/min), 3,887,158 distinct states found (20,450 ds/min), 2,769,169 states left on queue.
Progress(7) at 2026-08-07 01:36:49: 66,841,152 states generated (589,640 s/min), 3,897,964 distinct states found (10,806 ds/min), 2,770,169 states left on queue.
Progress(7) at 2026-08-07 01:37:49: 66,962,235 states generated (121,083 s/min), 3,900,184 distinct states found (2,220 ds/min), 2,770,374 states left on queue.
Progress(7) at 2026-08-07 01:38:49: 67,090,706 states generated (128,471 s/min), 3,902,535 distinct states found (2,351 ds/min), 2,770,589 states left on queue.
Progress(7) at 2026-08-07 01:39:49: 67,215,787 states generated (125,081 s/min), 3,904,831 distinct states found (2,296 ds/min), 2,770,803 states left on queue.
Checkpointing of run states\26-08-06-22-10-23.926
Checkpointing completed at (2026-08-07 01:40:50)
Progress(7) at 2026-08-07 01:40:50: 67,341,332 states generated (125,545 s/min), 3,907,134 distinct states found (2,303 ds/min), 2,771,019 states left on queue.
Progress(7) at 2026-08-07 01:41:50: 67,468,692 states generated (127,360 s/min), 3,909,467 distinct states found (2,333 ds/min), 2,771,234 states left on queue.
Progress(7) at 2026-08-07 01:42:50: 67,600,368 states generated (131,676 s/min), 3,911,883 distinct states found (2,416 ds/min), 2,771,459 states left on queue.
Progress(7) at 2026-08-07 01:43:50: 67,729,640 states generated (129,272 s/min), 3,914,252 distinct states found (2,369 ds/min), 2,771,679 states left on queue.
Progress(7) at 2026-08-07 01:44:50: 68,789,072 states generated (1,059,432 s/min), 3,934,005 distinct states found (19,753 ds/min), 2,773,717 states left on queue.
Progress(7) at 2026-08-07 01:45:50: 70,030,515 states generated (1,241,443 s/min), 3,956,367 distinct states found (22,362 ds/min), 2,774,990 states left on queue.
Progress(7) at 2026-08-07 01:46:50: 70,355,613 states generated (325,098 s/min), 3,962,242 distinct states found (5,875 ds/min), 2,775,356 states left on queue.
Progress(7) at 2026-08-07 01:47:50: 70,474,807 states generated (119,194 s/min), 3,964,422 distinct states found (2,180 ds/min), 2,775,491 states left on queue.
Progress(7) at 2026-08-07 01:48:50: 70,605,474 states generated (130,667 s/min), 3,966,886 distinct states found (2,464 ds/min), 2,775,740 states left on queue.
Progress(7) at 2026-08-07 01:49:50: 70,736,631 states generated (131,157 s/min), 3,969,161 distinct states found (2,275 ds/min), 2,775,789 states left on queue.
Progress(7) at 2026-08-07 01:50:50: 70,875,851 states generated (139,220 s/min), 3,971,719 distinct states found (2,558 ds/min), 2,775,988 states left on queue.
Progress(7) at 2026-08-07 01:51:50: 71,029,466 states generated (153,615 s/min), 3,974,410 distinct states found (2,691 ds/min), 2,776,061 states left on queue.
Progress(7) at 2026-08-07 01:52:50: 71,137,694 states generated (108,228 s/min), 3,976,415 distinct states found (2,005 ds/min), 2,776,233 states left on queue.
Progress(7) at 2026-08-07 01:53:50: 71,726,939 states generated (589,245 s/min), 3,987,175 distinct states found (10,760 ds/min), 2,776,989 states left on queue.
Progress(7) at 2026-08-07 01:54:50: 72,809,244 states generated (1,082,305 s/min), 4,006,669 distinct states found (19,494 ds/min), 2,778,153 states left on queue.
Progress(7) at 2026-08-07 01:55:50: 73,705,055 states generated (895,811 s/min), 4,023,147 distinct states found (16,478 ds/min), 2,779,670 states left on queue.
Progress(7) at 2026-08-07 01:56:50: 73,830,425 states generated (125,370 s/min), 4,025,397 distinct states found (2,250 ds/min), 2,779,825 states left on queue.
Progress(7) at 2026-08-07 01:57:50: 73,955,471 states generated (125,046 s/min), 4,027,610 distinct states found (2,213 ds/min), 2,779,940 states left on queue.
Progress(7) at 2026-08-07 01:58:50: 74,079,640 states generated (124,169 s/min), 4,029,833 distinct states found (2,223 ds/min), 2,780,086 states left on queue.
Progress(7) at 2026-08-07 01:59:50: 74,203,849 states generated (124,209 s/min), 4,032,109 distinct states found (2,276 ds/min), 2,780,293 states left on queue.
Progress(7) at 2026-08-07 02:00:50: 74,322,007 states generated (118,158 s/min), 4,034,373 distinct states found (2,264 ds/min), 2,780,585 states left on queue.
Progress(7) at 2026-08-07 02:01:50: 74,446,216 states generated (124,209 s/min), 4,036,612 distinct states found (2,239 ds/min), 2,780,759 states left on queue.
Progress(7) at 2026-08-07 02:02:50: 74,571,740 states generated (125,524 s/min), 4,038,945 distinct states found (2,333 ds/min), 2,780,989 states left on queue.
Progress(7) at 2026-08-07 02:03:50: 75,656,381 states generated (1,084,641 s/min), 4,058,792 distinct states found (19,847 ds/min), 2,782,491 states left on queue.
Progress(7) at 2026-08-07 02:04:50: 76,732,543 states generated (1,076,162 s/min), 4,078,333 distinct states found (19,541 ds/min), 2,783,753 states left on queue.
Progress(7) at 2026-08-07 02:05:50: 77,203,549 states generated (471,006 s/min), 4,086,866 distinct states found (8,533 ds/min), 2,784,263 states left on queue.
Progress(7) at 2026-08-07 02:06:50: 77,348,341 states generated (144,792 s/min), 4,089,352 distinct states found (2,486 ds/min), 2,784,294 states left on queue.
Progress(7) at 2026-08-07 02:07:50: 77,490,639 states generated (142,298 s/min), 4,092,113 distinct states found (2,761 ds/min), 2,784,636 states left on queue.
Progress(7) at 2026-08-07 02:08:50: 77,632,579 states generated (141,940 s/min), 4,094,578 distinct states found (2,465 ds/min), 2,784,697 states left on queue.
Progress(7) at 2026-08-07 02:09:50: 77,771,789 states generated (139,210 s/min), 4,097,126 distinct states found (2,548 ds/min), 2,784,883 states left on queue.
Checkpointing of run states\26-08-06-22-10-23.926
Checkpointing completed at (2026-08-07 02:10:50)
Progress(7) at 2026-08-07 02:10:51: 77,914,508 states generated (142,719 s/min), 4,099,730 distinct states found (2,604 ds/min), 2,785,054 states left on queue.
Progress(7) at 2026-08-07 02:11:51: 78,056,683 states generated (142,175 s/min), 4,102,332 distinct states found (2,602 ds/min), 2,785,233 states left on queue.
Progress(7) at 2026-08-07 02:12:51: 78,432,258 states generated (375,575 s/min), 4,109,190 distinct states found (6,858 ds/min), 2,785,732 states left on queue.
Progress(7) at 2026-08-07 02:13:51: 79,482,534 states generated (1,050,276 s/min), 4,130,852 distinct states found (21,662 ds/min), 2,789,323 states left on queue.
Progress(7) at 2026-08-07 02:14:51: 80,168,782 states generated (686,248 s/min), 4,142,734 distinct states found (11,882 ds/min), 2,789,600 states left on queue.
Progress(7) at 2026-08-07 02:15:51: 80,234,103 states generated (65,321 s/min), 4,143,946 distinct states found (1,212 ds/min), 2,789,701 states left on queue.
Progress(7) at 2026-08-07 02:16:51: 80,323,020 states generated (88,917 s/min), 4,145,538 distinct states found (1,592 ds/min), 2,789,798 states left on queue.
Progress(7) at 2026-08-07 02:17:51: 80,428,297 states generated (105,277 s/min), 4,147,384 distinct states found (1,846 ds/min), 2,789,847 states left on queue.
Progress(7) at 2026-08-07 02:18:51: 80,541,263 states generated (112,966 s/min), 4,149,361 distinct states found (1,977 ds/min), 2,789,910 states left on queue.
Progress(7) at 2026-08-07 02:19:51: 80,651,351 states generated (110,088 s/min), 4,151,310 distinct states found (1,949 ds/min), 2,789,998 states left on queue.
Progress(7) at 2026-08-07 02:20:51: 80,763,388 states generated (112,037 s/min), 4,153,264 distinct states found (1,954 ds/min), 2,790,056 states left on queue.
Progress(7) at 2026-08-07 02:21:51: 80,853,342 states generated (89,954 s/min), 4,154,869 distinct states found (1,605 ds/min), 2,790,120 states left on queue.
Progress(7) at 2026-08-07 02:22:51: 81,184,845 states generated (331,503 s/min), 4,160,687 distinct states found (5,818 ds/min), 2,790,324 states left on queue.
Progress(7) at 2026-08-07 02:23:51: 82,082,473 states generated (897,628 s/min), 4,179,455 distinct states found (18,768 ds/min), 2,793,671 states left on queue.
Progress(7) at 2026-08-07 02:24:51: 83,157,941 states generated (1,075,468 s/min), 4,198,517 distinct states found (19,062 ds/min), 2,794,464 states left on queue.
Progress(7) at 2026-08-07 02:25:51: 83,329,414 states generated (171,473 s/min), 4,201,599 distinct states found (3,082 ds/min), 2,794,620 states left on queue.
Progress(7) at 2026-08-07 02:26:51: 83,455,213 states generated (125,799 s/min), 4,203,791 distinct states found (2,192 ds/min), 2,794,689 states left on queue.
Progress(7) at 2026-08-07 02:27:51: 83,555,038 states generated (99,825 s/min), 4,205,542 distinct states found (1,751 ds/min), 2,794,734 states left on queue.
Progress(7) at 2026-08-07 02:28:51: 83,654,736 states generated (99,698 s/min), 4,207,316 distinct states found (1,774 ds/min), 2,794,812 states left on queue.
Progress(7) at 2026-08-07 02:29:51: 83,783,316 states generated (128,580 s/min), 4,209,701 distinct states found (2,385 ds/min), 2,795,019 states left on queue.
Progress(7) at 2026-08-07 02:30:51: 83,890,048 states generated (106,732 s/min), 4,211,716 distinct states found (2,015 ds/min), 2,795,197 states left on queue.
Progress(7) at 2026-08-07 02:31:51: 84,004,846 states generated (114,798 s/min), 4,213,730 distinct states found (2,014 ds/min), 2,795,276 states left on queue.
Progress(7) at 2026-08-07 02:32:51: 84,143,259 states generated (138,413 s/min), 4,215,974 distinct states found (2,244 ds/min), 2,795,196 states left on queue.
Progress(7) at 2026-08-07 02:33:51: 85,423,937 states generated (1,280,678 s/min), 4,237,279 distinct states found (21,305 ds/min), 2,794,801 states left on queue.
Progress(7) at 2026-08-07 02:34:51: 86,606,790 states generated (1,182,853 s/min), 4,261,251 distinct states found (23,972 ds/min), 2,798,449 states left on queue.
Progress(7) at 2026-08-07 02:35:51: 86,914,826 states generated (308,036 s/min), 4,266,841 distinct states found (5,590 ds/min), 2,798,806 states left on queue.
Progress(7) at 2026-08-07 02:36:51: 87,037,468 states generated (122,642 s/min), 4,268,986 distinct states found (2,145 ds/min), 2,798,888 states left on queue.
Progress(7) at 2026-08-07 02:37:51: 87,161,498 states generated (124,030 s/min), 4,271,154 distinct states found (2,168 ds/min), 2,798,946 states left on queue.
Progress(7) at 2026-08-07 02:38:51: 87,303,431 states generated (141,933 s/min), 4,273,442 distinct states found (2,288 ds/min), 2,798,852 states left on queue.
Progress(7) at 2026-08-07 02:39:51: 87,415,822 states generated (112,391 s/min), 4,275,429 distinct states found (1,987 ds/min), 2,798,941 states left on queue.
Checkpointing of run states\26-08-06-22-10-23.926
Checkpointing completed at (2026-08-07 02:40:51)
Progress(7) at 2026-08-07 02:40:51: 87,547,445 states generated (131,623 s/min), 4,277,709 distinct states found (2,280 ds/min), 2,799,006 states left on queue.
Progress(7) at 2026-08-07 02:41:51: 87,677,916 states generated (130,471 s/min), 4,279,800 distinct states found (2,091 ds/min), 2,798,880 states left on queue.
Progress(7) at 2026-08-07 02:42:51: 87,819,026 states generated (141,110 s/min), 4,282,246 distinct states found (2,446 ds/min), 2,798,944 states left on queue.
Progress(7) at 2026-08-07 02:43:51: 89,070,501 states generated (1,251,475 s/min), 4,304,268 distinct states found (22,022 ds/min), 2,799,724 states left on queue.
Progress(7) at 2026-08-07 02:44:51: 90,197,609 states generated (1,127,108 s/min), 4,326,326 distinct states found (22,058 ds/min), 2,802,513 states left on queue.
Progress(7) at 2026-08-07 02:45:51: 90,611,076 states generated (413,467 s/min), 4,333,151 distinct states found (6,825 ds/min), 2,802,353 states left on queue.
Progress(7) at 2026-08-07 02:46:51: 90,740,382 states generated (129,306 s/min), 4,335,377 distinct states found (2,226 ds/min), 2,802,342 states left on queue.
Progress(7) at 2026-08-07 02:47:51: 90,849,988 states generated (109,606 s/min), 4,337,015 distinct states found (1,638 ds/min), 2,802,097 states left on queue.
Progress(7) at 2026-08-07 02:48:51: 90,971,029 states generated (121,041 s/min), 4,339,017 distinct states found (2,002 ds/min), 2,802,008 states left on queue.
Progress(7) at 2026-08-07 02:49:51: 91,074,974 states generated (103,945 s/min), 4,340,473 distinct states found (1,456 ds/min), 2,801,683 states left on queue.
Progress(7) at 2026-08-07 02:50:51: 91,144,752 states generated (69,778 s/min), 4,341,747 distinct states found (1,274 ds/min), 2,801,746 states left on queue.
Progress(7) at 2026-08-07 02:51:51: 91,276,756 states generated (132,004 s/min), 4,343,749 distinct states found (2,002 ds/min), 2,801,478 states left on queue.
Progress(7) at 2026-08-07 02:52:51: 91,421,076 states generated (144,320 s/min), 4,349,183 distinct states found (5,434 ds/min), 2,804,221 states left on queue.
Progress(7) at 2026-08-07 02:53:51: 92,624,049 states generated (1,202,973 s/min), 4,368,865 distinct states found (19,682 ds/min), 2,803,569 states left on queue.
Progress(7) at 2026-08-07 02:54:51: 93,747,161 states generated (1,123,112 s/min), 4,389,808 distinct states found (20,943 ds/min), 2,804,987 states left on queue.
Progress(7) at 2026-08-07 02:55:52: 94,127,461 states generated (380,300 s/min), 4,395,967 distinct states found (6,159 ds/min), 2,804,760 states left on queue.
Progress(7) at 2026-08-07 02:56:52: 94,274,305 states generated (146,844 s/min), 4,398,349 distinct states found (2,382 ds/min), 2,804,666 states left on queue.
Progress(7) at 2026-08-07 02:57:52: 94,414,958 states generated (140,653 s/min), 4,400,637 distinct states found (2,288 ds/min), 2,804,593 states left on queue.
Progress(7) at 2026-08-07 02:58:52: 94,556,705 states generated (141,747 s/min), 4,402,925 distinct states found (2,288 ds/min), 2,804,502 states left on queue.
Progress(7) at 2026-08-07 02:59:52: 94,696,638 states generated (139,933 s/min), 4,405,187 distinct states found (2,262 ds/min), 2,804,382 states left on queue.
Progress(7) at 2026-08-07 03:00:52: 94,841,099 states generated (144,461 s/min), 4,407,631 distinct states found (2,444 ds/min), 2,804,328 states left on queue.
Progress(7) at 2026-08-07 03:01:52: 94,981,269 states generated (140,170 s/min), 4,409,815 distinct states found (2,184 ds/min), 2,804,099 states left on queue.
Progress(7) at 2026-08-07 03:02:52: 95,802,918 states generated (821,649 s/min), 4,429,352 distinct states found (19,537 ds/min), 2,809,257 states left on queue.
Progress(7) at 2026-08-07 03:03:52: 97,069,335 states generated (1,266,417 s/min), 4,449,881 distinct states found (20,529 ds/min), 2,808,499 states left on queue.
Progress(7) at 2026-08-07 03:04:52: 97,942,650 states generated (873,315 s/min), 4,467,096 distinct states found (17,215 ds/min), 2,810,565 states left on queue.
Progress(7) at 2026-08-07 03:05:52: 98,092,631 states generated (149,981 s/min), 4,469,592 distinct states found (2,496 ds/min), 2,810,531 states left on queue.
Progress(7) at 2026-08-07 03:06:52: 98,234,907 states generated (142,276 s/min), 4,471,825 distinct states found (2,233 ds/min), 2,810,366 states left on queue.
Progress(7) at 2026-08-07 03:07:52: 98,376,778 states generated (141,871 s/min), 4,474,126 distinct states found (2,301 ds/min), 2,810,286 states left on queue.
Progress(7) at 2026-08-07 03:08:52: 98,523,663 states generated (146,885 s/min), 4,476,565 distinct states found (2,439 ds/min), 2,810,241 states left on queue.
Progress(7) at 2026-08-07 03:09:52: 98,667,644 states generated (143,981 s/min), 4,478,841 distinct states found (2,276 ds/min), 2,810,084 states left on queue.
Checkpointing of run states\26-08-06-22-10-23.926
Checkpointing completed at (2026-08-07 03:10:52)
Progress(7) at 2026-08-07 03:10:52: 98,808,185 states generated (140,541 s/min), 4,481,109 distinct states found (2,268 ds/min), 2,810,002 states left on queue.
Progress(7) at 2026-08-07 03:11:52: 98,946,567 states generated (138,382 s/min), 4,483,447 distinct states found (2,338 ds/min), 2,810,004 states left on queue.
Progress(7) at 2026-08-07 03:12:52: 99,846,037 states generated (899,470 s/min), 4,500,984 distinct states found (17,537 ds/min), 2,811,895 states left on queue.
Progress(7) at 2026-08-07 03:13:52: 101,097,905 states generated (1,251,868 s/min), 4,521,199 distinct states found (20,215 ds/min), 2,810,880 states left on queue.
Progress(7) at 2026-08-07 03:14:52: 101,729,307 states generated (631,402 s/min), 4,534,552 distinct states found (13,353 ds/min), 2,813,335 states left on queue.
Progress(7) at 2026-08-07 03:15:52: 101,843,317 states generated (114,010 s/min), 4,536,395 distinct states found (1,843 ds/min), 2,813,236 states left on queue.
Progress(7) at 2026-08-07 03:16:52: 101,963,418 states generated (120,101 s/min), 4,538,645 distinct states found (2,250 ds/min), 2,813,408 states left on queue.
Progress(7) at 2026-08-07 03:17:52: 102,087,274 states generated (123,856 s/min), 4,543,498 distinct states found (4,853 ds/min), 2,815,962 states left on queue.
Progress(7) at 2026-08-07 03:18:52: 102,195,830 states generated (108,556 s/min), 4,545,242 distinct states found (1,744 ds/min), 2,815,850 states left on queue.
Progress(7) at 2026-08-07 03:19:52: 102,300,242 states generated (104,412 s/min), 4,546,937 distinct states found (1,695 ds/min), 2,815,795 states left on queue.
Progress(7) at 2026-08-07 03:20:52: 102,415,434 states generated (115,192 s/min), 4,548,835 distinct states found (1,898 ds/min), 2,815,732 states left on queue.
Progress(7) at 2026-08-07 03:21:52: 102,518,248 states generated (102,814 s/min), 4,550,462 distinct states found (1,627 ds/min), 2,815,632 states left on queue.
Progress(7) at 2026-08-07 03:22:52: 103,215,874 states generated (697,626 s/min), 4,561,845 distinct states found (11,383 ds/min), 2,815,233 states left on queue.
Progress(7) at 2026-08-07 03:23:52: 104,149,637 states generated (933,763 s/min), 4,580,171 distinct states found (18,326 ds/min), 2,817,565 states left on queue.
Progress(7) at 2026-08-07 03:24:52: 104,793,884 states generated (644,247 s/min), 4,590,671 distinct states found (10,500 ds/min), 2,817,094 states left on queue.
Progress(7) at 2026-08-07 03:25:52: 104,922,748 states generated (128,864 s/min), 4,592,491 distinct states found (1,820 ds/min), 2,816,706 states left on queue.
Progress(7) at 2026-08-07 03:26:52: 105,052,235 states generated (129,487 s/min), 4,594,675 distinct states found (2,184 ds/min), 2,816,650 states left on queue.
Progress(7) at 2026-08-07 03:27:52: 105,163,991 states generated (111,756 s/min), 4,596,344 distinct states found (1,669 ds/min), 2,816,446 states left on queue.
Progress(7) at 2026-08-07 03:28:52: 105,265,763 states generated (101,772 s/min), 4,597,994 distinct states found (1,650 ds/min), 2,816,384 states left on queue.
Progress(7) at 2026-08-07 03:29:52: 105,362,782 states generated (97,019 s/min), 4,599,555 distinct states found (1,561 ds/min), 2,816,292 states left on queue.
Progress(7) at 2026-08-07 03:30:52: 105,461,831 states generated (99,049 s/min), 4,601,201 distinct states found (1,646 ds/min), 2,816,281 states left on queue.
Progress(7) at 2026-08-07 03:31:53: 105,555,952 states generated (94,121 s/min), 4,602,917 distinct states found (1,716 ds/min), 2,816,364 states left on queue.
Progress(7) at 2026-08-07 03:32:53: 105,921,004 states generated (365,052 s/min), 4,608,559 distinct states found (5,642 ds/min), 2,815,723 states left on queue.
Progress(7) at 2026-08-07 03:33:53: 106,855,570 states generated (934,566 s/min), 4,626,754 distinct states found (18,195 ds/min), 2,817,781 states left on queue.
Progress(7) at 2026-08-07 03:34:53: 107,938,207 states generated (1,082,637 s/min), 4,647,464 distinct states found (20,710 ds/min), 2,820,046 states left on queue.
Progress(7) at 2026-08-07 03:35:53: 108,070,692 states generated (132,485 s/min), 4,649,617 distinct states found (2,153 ds/min), 2,819,971 states left on queue.
Progress(7) at 2026-08-07 03:36:53: 108,200,003 states generated (129,311 s/min), 4,651,703 distinct states found (2,086 ds/min), 2,819,868 states left on queue.
Progress(7) at 2026-08-07 03:37:53: 108,300,071 states generated (100,068 s/min), 4,653,617 distinct states found (1,914 ds/min), 2,820,046 states left on queue.
Progress(7) at 2026-08-07 03:38:53: 108,448,720 states generated (148,649 s/min), 4,659,026 distinct states found (5,409 ds/min), 2,822,677 states left on queue.
Progress(7) at 2026-08-07 03:39:53: 108,598,160 states generated (149,440 s/min), 4,661,403 distinct states found (2,377 ds/min), 2,822,559 states left on queue.
Checkpointing of run states\26-08-06-22-10-23.926
Checkpointing completed at (2026-08-07 03:40:53)
Progress(7) at 2026-08-07 03:40:53: 108,743,863 states generated (145,703 s/min), 4,663,784 distinct states found (2,381 ds/min), 2,822,468 states left on queue.
Progress(7) at 2026-08-07 03:41:53: 108,876,746 states generated (132,883 s/min), 4,665,792 distinct states found (2,008 ds/min), 2,822,244 states left on queue.
Progress(7) at 2026-08-07 03:42:53: 109,216,765 states generated (340,019 s/min), 4,671,310 distinct states found (5,518 ds/min), 2,822,034 states left on queue.
Progress(7) at 2026-08-07 03:43:53: 110,430,368 states generated (1,213,603 s/min), 4,691,250 distinct states found (19,940 ds/min), 2,821,177 states left on queue.
Progress(7) at 2026-08-07 03:44:53: 111,185,315 states generated (754,947 s/min), 4,706,345 distinct states found (15,095 ds/min), 2,823,301 states left on queue.
Progress(7) at 2026-08-07 03:45:53: 111,307,268 states generated (121,953 s/min), 4,708,165 distinct states found (1,820 ds/min), 2,823,026 states left on queue.
Progress(7) at 2026-08-07 03:46:53: 111,435,236 states generated (127,968 s/min), 4,710,349 distinct states found (2,184 ds/min), 2,822,996 states left on queue.
Progress(7) at 2026-08-07 03:47:53: 111,549,617 states generated (114,381 s/min), 4,712,145 distinct states found (1,796 ds/min), 2,822,821 states left on queue.
Progress(7) at 2026-08-07 03:48:53: 111,676,566 states generated (126,949 s/min), 4,714,535 distinct states found (2,390 ds/min), 2,823,005 states left on queue.
Progress(7) at 2026-08-07 03:49:53: 111,804,879 states generated (128,313 s/min), 4,716,355 distinct states found (1,820 ds/min), 2,822,625 states left on queue.
Progress(7) at 2026-08-07 03:50:53: 111,952,546 states generated (147,667 s/min), 4,721,685 distinct states found (5,330 ds/min), 2,825,247 states left on queue.
Progress(7) at 2026-08-07 03:51:53: 112,098,823 states generated (146,277 s/min), 4,724,038 distinct states found (2,353 ds/min), 2,825,143 states left on queue.
Progress(7) at 2026-08-07 03:52:53: 112,609,406 states generated (510,583 s/min), 4,732,301 distinct states found (8,263 ds/min), 2,824,818 states left on queue.
Progress(7) at 2026-08-07 03:53:53: 113,901,036 states generated (1,291,630 s/min), 4,756,382 distinct states found (24,081 ds/min), 2,826,898 states left on queue.
Progress(7) at 2026-08-07 03:54:53: 114,875,336 states generated (974,300 s/min), 4,772,128 distinct states found (15,746 ds/min), 2,825,943 states left on queue.
Progress(7) at 2026-08-07 03:55:53: 114,953,568 states generated (78,232 s/min), 4,773,321 distinct states found (1,193 ds/min), 2,825,807 states left on queue.
Progress(7) at 2026-08-07 03:56:53: 115,030,341 states generated (76,773 s/min), 4,774,532 distinct states found (1,211 ds/min), 2,825,732 states left on queue.
Progress(7) at 2026-08-07 03:57:53: 115,108,641 states generated (78,300 s/min), 4,775,921 distinct states found (1,389 ds/min), 2,825,792 states left on queue.
Progress(7) at 2026-08-07 03:58:53: 115,185,890 states generated (77,249 s/min), 4,777,065 distinct states found (1,144 ds/min), 2,825,620 states left on queue.
Progress(7) at 2026-08-07 03:59:53: 115,255,424 states generated (69,534 s/min), 4,778,324 distinct states found (1,259 ds/min), 2,825,710 states left on queue.
Progress(7) at 2026-08-07 04:00:53: 115,326,144 states generated (70,720 s/min), 4,779,322 distinct states found (998 ds/min), 2,825,538 states left on queue.
Progress(7) at 2026-08-07 04:01:53: 115,396,106 states generated (69,962 s/min), 4,780,559 distinct states found (1,237 ds/min), 2,825,575 states left on queue.
Progress(7) at 2026-08-07 04:02:53: 115,524,420 states generated (128,314 s/min), 4,782,526 distinct states found (1,967 ds/min), 2,825,390 states left on queue.
Progress(7) at 2026-08-07 04:03:53: 116,741,497 states generated (1,217,077 s/min), 4,805,626 distinct states found (23,100 ds/min), 2,827,713 states left on queue.
Progress(7) at 2026-08-07 04:04:53: 117,691,210 states generated (949,713 s/min), 4,820,771 distinct states found (15,145 ds/min), 2,826,487 states left on queue.
Progress(7) at 2026-08-07 04:05:53: 117,859,664 states generated (168,454 s/min), 4,823,319 distinct states found (2,548 ds/min), 2,826,139 states left on queue.
Progress(7) at 2026-08-07 04:06:53: 117,936,113 states generated (76,449 s/min), 4,824,593 distinct states found (1,274 ds/min), 2,826,092 states left on queue.
Progress(7) at 2026-08-07 04:07:53: 118,034,544 states generated (98,431 s/min), 4,829,286 distinct states found (4,693 ds/min), 2,828,885 states left on queue.
Progress(7) at 2026-08-07 04:08:53: 118,193,461 states generated (158,917 s/min), 4,831,859 distinct states found (2,573 ds/min), 2,828,799 states left on queue.
Progress(7) at 2026-08-07 04:09:53: 118,339,685 states generated (146,224 s/min), 4,834,229 distinct states found (2,370 ds/min), 2,828,711 states left on queue.
Checkpointing of run states\26-08-06-22-10-23.926
Checkpointing completed at (2026-08-07 04:10:54)
Progress(7) at 2026-08-07 04:10:54: 118,481,726 states generated (142,041 s/min), 4,836,540 distinct states found (2,311 ds/min), 2,828,623 states left on queue.
Progress(7) at 2026-08-07 04:11:54: 118,632,392 states generated (150,666 s/min), 4,838,971 distinct states found (2,431 ds/min), 2,828,530 states left on queue.
Progress(7) at 2026-08-07 04:12:54: 118,965,113 states generated (332,721 s/min), 4,844,360 distinct states found (5,389 ds/min), 2,828,321 states left on queue.
Progress(7) at 2026-08-07 04:13:54: 120,294,155 states generated (1,329,042 s/min), 4,869,274 distinct states found (24,914 ds/min), 2,830,534 states left on queue.
Progress(7) at 2026-08-07 04:14:54: 121,565,868 states generated (1,271,713 s/min), 4,892,716 distinct states found (23,442 ds/min), 2,832,167 states left on queue.
Progress(7) at 2026-08-07 04:15:54: 121,830,664 states generated (264,796 s/min), 4,896,997 distinct states found (4,281 ds/min), 2,831,986 states left on queue.
Progress(7) at 2026-08-07 04:16:54: 121,959,386 states generated (128,722 s/min), 4,899,213 distinct states found (2,216 ds/min), 2,831,981 states left on queue.
Progress(7) at 2026-08-07 04:17:54: 122,064,565 states generated (105,179 s/min), 4,900,942 distinct states found (1,729 ds/min), 2,831,894 states left on queue.
Progress(7) at 2026-08-07 04:18:54: 122,164,360 states generated (99,795 s/min), 4,902,489 distinct states found (1,547 ds/min), 2,831,723 states left on queue.
Progress(7) at 2026-08-07 04:19:54: 122,229,478 states generated (65,118 s/min), 4,903,399 distinct states found (910 ds/min), 2,831,518 states left on queue.
Progress(7) at 2026-08-07 04:20:54: 122,289,073 states generated (59,595 s/min), 4,904,491 distinct states found (1,092 ds/min), 2,831,575 states left on queue.
Progress(7) at 2026-08-07 04:21:54: 122,354,528 states generated (65,455 s/min), 4,905,583 distinct states found (1,092 ds/min), 2,831,536 states left on queue.
Progress(7) at 2026-08-07 04:22:54: 122,404,170 states generated (49,642 s/min), 4,906,311 distinct states found (728 ds/min), 2,831,412 states left on queue.
Progress(7) at 2026-08-07 04:23:54: 122,467,946 states generated (63,776 s/min), 4,907,403 distinct states found (1,092 ds/min), 2,831,400 states left on queue.
Progress(7) at 2026-08-07 04:24:54: 122,531,953 states generated (64,007 s/min), 4,908,495 distinct states found (1,092 ds/min), 2,831,386 states left on queue.
Progress(7) at 2026-08-07 04:25:54: 123,299,956 states generated (768,003 s/min), 4,923,805 distinct states found (15,310 ds/min), 2,833,479 states left on queue.
Progress(7) at 2026-08-07 04:26:54: 123,974,588 states generated (674,632 s/min), 4,937,901 distinct states found (14,096 ds/min), 2,835,972 states left on queue.
Progress(7) at 2026-08-07 04:27:54: 124,318,833 states generated (344,245 s/min), 4,943,486 distinct states found (5,585 ds/min), 2,835,760 states left on queue.
Progress(7) at 2026-08-07 04:28:54: 124,404,267 states generated (85,434 s/min), 4,944,856 distinct states found (1,370 ds/min), 2,835,680 states left on queue.
Progress(7) at 2026-08-07 04:29:54: 124,499,621 states generated (95,354 s/min), 4,946,393 distinct states found (1,537 ds/min), 2,835,608 states left on queue.
Progress(7) at 2026-08-07 04:30:54: 124,590,183 states generated (90,562 s/min), 4,947,862 distinct states found (1,469 ds/min), 2,835,545 states left on queue.
Progress(7) at 2026-08-07 04:31:54: 124,693,273 states generated (103,090 s/min), 4,949,835 distinct states found (1,973 ds/min), 2,835,757 states left on queue.
Progress(7) at 2026-08-07 04:32:55: 124,780,555 states generated (87,282 s/min), 4,951,005 distinct states found (1,170 ds/min), 2,835,434 states left on queue.
Progress(7) at 2026-08-07 04:33:55: 124,857,487 states generated (76,932 s/min), 4,953,498 distinct states found (2,493 ds/min), 2,836,479 states left on queue.
Progress(7) at 2026-08-07 04:34:55: 124,953,662 states generated (96,175 s/min), 4,956,888 distinct states found (3,390 ds/min), 2,838,151 states left on queue.
Progress(7) at 2026-08-07 04:35:55: 125,052,386 states generated (98,724 s/min), 4,958,480 distinct states found (1,592 ds/min), 2,838,067 states left on queue.
Progress(7) at 2026-08-07 04:36:55: 125,145,439 states generated (93,053 s/min), 4,960,014 distinct states found (1,534 ds/min), 2,838,045 states left on queue.
Progress(7) at 2026-08-07 04:37:55: 125,679,140 states generated (533,701 s/min), 4,968,646 distinct states found (8,632 ds/min), 2,837,702 states left on queue.
Progress(7) at 2026-08-07 04:38:55: 126,828,733 states generated (1,149,593 s/min), 4,990,317 distinct states found (21,671 ds/min), 2,839,507 states left on queue.
Progress(7) at 2026-08-07 04:39:55: 127,712,171 states generated (883,438 s/min), 5,004,688 distinct states found (14,371 ds/min), 2,838,997 states left on queue.
Checkpointing of run states\26-08-06-22-10-23.926
Checkpointing completed at (2026-08-07 04:40:55)
Progress(7) at 2026-08-07 04:40:55: 127,816,869 states generated (104,698 s/min), 5,006,294 distinct states found (1,606 ds/min), 2,838,804 states left on queue.
Progress(7) at 2026-08-07 04:41:55: 127,911,837 states generated (94,968 s/min), 5,007,958 distinct states found (1,664 ds/min), 2,838,823 states left on queue.
Progress(7) at 2026-08-07 04:42:55: 128,032,367 states generated (120,530 s/min), 5,009,791 distinct states found (1,833 ds/min), 2,838,583 states left on queue.
Progress(7) at 2026-08-07 04:43:55: 128,153,797 states generated (121,430 s/min), 5,014,855 distinct states found (5,064 ds/min), 2,841,324 states left on queue.
Progress(7) at 2026-08-07 04:44:55: 128,266,801 states generated (113,004 s/min), 5,016,692 distinct states found (1,837 ds/min), 2,841,278 states left on queue.
Progress(7) at 2026-08-07 04:45:55: 128,366,979 states generated (100,178 s/min), 5,018,312 distinct states found (1,620 ds/min), 2,841,196 states left on queue.
Progress(7) at 2026-08-07 04:46:55: 128,478,883 states generated (111,904 s/min), 5,020,118 distinct states found (1,806 ds/min), 2,841,111 states left on queue.
Progress(7) at 2026-08-07 04:47:55: 128,592,704 states generated (113,821 s/min), 5,021,960 distinct states found (1,842 ds/min), 2,841,033 states left on queue.
Progress(7) at 2026-08-07 04:48:55: 129,239,498 states generated (646,794 s/min), 5,032,424 distinct states found (10,464 ds/min), 2,840,586 states left on queue.
Progress(7) at 2026-08-07 04:49:55: 130,362,184 states generated (1,122,686 s/min), 5,053,700 distinct states found (21,276 ds/min), 2,842,524 states left on queue.
Progress(7) at 2026-08-07 04:50:55: 130,994,581 states generated (632,397 s/min), 5,063,933 distinct states found (10,233 ds/min), 2,842,070 states left on queue.
Progress(7) at 2026-08-07 04:51:55: 131,108,944 states generated (114,363 s/min), 5,065,769 distinct states found (1,836 ds/min), 2,841,978 states left on queue.
Progress(7) at 2026-08-07 04:52:55: 131,218,819 states generated (109,875 s/min), 5,067,536 distinct states found (1,767 ds/min), 2,841,892 states left on queue.
Progress(7) at 2026-08-07 04:53:55: 131,339,107 states generated (120,288 s/min), 5,069,649 distinct states found (2,113 ds/min), 2,841,970 states left on queue.
Progress(7) at 2026-08-07 04:54:55: 131,459,464 states generated (120,357 s/min), 5,071,515 distinct states found (1,866 ds/min), 2,841,773 states left on queue.
Progress(7) at 2026-08-07 04:55:56: 131,583,458 states generated (123,994 s/min), 5,073,569 distinct states found (2,054 ds/min), 2,841,685 states left on queue.
Progress(7) at 2026-08-07 04:56:56: 131,712,067 states generated (128,609 s/min), 5,075,571 distinct states found (2,002 ds/min), 2,841,472 states left on queue.
Progress(7) at 2026-08-07 04:57:56: 131,833,598 states generated (121,531 s/min), 5,077,527 distinct states found (1,956 ds/min), 2,841,331 states left on queue.
Progress(7) at 2026-08-07 04:58:56: 132,732,978 states generated (899,380 s/min), 5,095,129 distinct states found (17,602 ds/min), 2,843,536 states left on queue.
Progress(7) at 2026-08-07 04:59:56: 133,777,942 states generated (1,044,964 s/min), 5,111,425 distinct states found (16,296 ds/min), 2,840,399 states left on queue.
Progress(7) at 2026-08-07 05:00:56: 134,165,786 states generated (387,844 s/min), 5,115,975 distinct states found (4,550 ds/min), 2,834,663 states left on queue.
Progress(7) at 2026-08-07 05:01:56: 134,275,793 states generated (110,007 s/min), 5,117,249 distinct states found (1,274 ds/min), 2,832,776 states left on queue.
Progress(7) at 2026-08-07 05:02:56: 134,376,654 states generated (100,861 s/min), 5,118,523 distinct states found (1,274 ds/min), 2,831,263 states left on queue.
Progress(7) at 2026-08-07 05:03:56: 134,482,229 states generated (105,575 s/min), 5,119,615 distinct states found (1,092 ds/min), 2,829,366 states left on queue.
Progress(7) at 2026-08-07 05:04:56: 134,601,924 states generated (119,695 s/min), 5,121,071 distinct states found (1,456 ds/min), 2,827,721 states left on queue.
Progress(7) at 2026-08-07 05:05:56: 134,738,526 states generated (136,602 s/min), 5,125,151 distinct states found (4,080 ds/min), 2,826,144 states left on queue.
Progress(7) at 2026-08-07 05:06:56: 134,886,732 states generated (148,206 s/min), 5,127,487 distinct states found (2,336 ds/min), 2,825,834 states left on queue.
Progress(7) at 2026-08-07 05:07:56: 135,134,740 states generated (248,008 s/min), 5,131,446 distinct states found (3,959 ds/min), 2,825,479 states left on queue.
Progress(7) at 2026-08-07 05:08:56: 136,479,966 states generated (1,345,226 s/min), 5,156,249 distinct states found (24,803 ds/min), 2,826,981 states left on queue.
Progress(7) at 2026-08-07 05:09:56: 137,635,181 states generated (1,155,215 s/min), 5,178,011 distinct states found (21,762 ds/min), 2,828,841 states left on queue.
Checkpointing of run states\26-08-06-22-10-23.926
Checkpointing completed at (2026-08-07 05:10:56)
Progress(7) at 2026-08-07 05:10:56: 137,813,025 states generated (177,844 s/min), 5,181,001 distinct states found (2,990 ds/min), 2,828,795 states left on queue.
Progress(7) at 2026-08-07 05:11:56: 137,911,967 states generated (98,942 s/min), 5,182,483 distinct states found (1,482 ds/min), 2,828,576 states left on queue.
Progress(7) at 2026-08-07 05:12:56: 138,017,982 states generated (106,015 s/min), 5,184,303 distinct states found (1,820 ds/min), 2,828,562 states left on queue.
Progress(7) at 2026-08-07 05:13:56: 138,135,449 states generated (117,467 s/min), 5,189,219 distinct states found (4,916 ds/min), 2,831,240 states left on queue.
Progress(7) at 2026-08-07 05:14:56: 138,295,640 states generated (160,191 s/min), 5,191,816 distinct states found (2,597 ds/min), 2,831,147 states left on queue.
Progress(7) at 2026-08-07 05:15:56: 138,442,539 states generated (146,899 s/min), 5,194,209 distinct states found (2,393 ds/min), 2,831,078 states left on queue.
Progress(7) at 2026-08-07 05:16:56: 138,586,122 states generated (143,583 s/min), 5,196,525 distinct states found (2,316 ds/min), 2,830,980 states left on queue.
Progress(7) at 2026-08-07 05:17:56: 139,019,397 states generated (433,275 s/min), 5,203,435 distinct states found (6,910 ds/min), 2,830,340 states left on queue.
Progress(7) at 2026-08-07 05:18:56: 139,879,822 states generated (860,425 s/min), 5,216,426 distinct states found (12,991 ds/min), 2,826,569 states left on queue.
Progress(7) at 2026-08-07 05:19:56: 140,623,647 states generated (743,825 s/min), 5,227,541 distinct states found (11,115 ds/min), 2,822,880 states left on queue.
Progress(7) at 2026-08-07 05:20:56: 140,786,310 states generated (162,663 s/min), 5,233,279 distinct states found (5,738 ds/min), 2,825,562 states left on queue.
Progress(7) at 2026-08-07 05:21:56: 140,931,397 states generated (145,087 s/min), 5,235,653 distinct states found (2,374 ds/min), 2,825,520 states left on queue.
Progress(7) at 2026-08-07 05:22:56: 141,077,935 states generated (146,538 s/min), 5,238,136 distinct states found (2,483 ds/min), 2,825,503 states left on queue.
Progress(7) at 2026-08-07 05:23:56: 141,217,836 states generated (139,901 s/min), 5,240,344 distinct states found (2,208 ds/min), 2,825,351 states left on queue.
Progress(7) at 2026-08-07 05:24:56: 141,365,554 states generated (147,718 s/min), 5,242,649 distinct states found (2,305 ds/min), 2,825,170 states left on queue.
Progress(7) at 2026-08-07 05:25:56: 141,514,989 states generated (149,435 s/min), 5,245,072 distinct states found (2,423 ds/min), 2,825,084 states left on queue.
Progress(7) at 2026-08-07 05:26:57: 141,653,316 states generated (138,327 s/min), 5,247,314 distinct states found (2,242 ds/min), 2,824,993 states left on queue.
Progress(7) at 2026-08-07 05:27:57: 142,582,163 states generated (928,847 s/min), 5,261,211 distinct states found (13,897 ds/min), 2,820,558 states left on queue.
Progress(7) at 2026-08-07 05:28:57: 143,498,813 states generated (916,650 s/min), 5,273,223 distinct states found (12,012 ds/min), 2,810,071 states left on queue.
Progress(7) at 2026-08-07 05:29:57: 144,364,006 states generated (865,193 s/min), 5,293,490 distinct states found (20,267 ds/min), 2,815,338 states left on queue.
Progress(7) at 2026-08-07 05:30:57: 144,512,006 states generated (148,000 s/min), 5,295,873 distinct states found (2,383 ds/min), 2,815,221 states left on queue.
Progress(7) at 2026-08-07 05:31:57: 144,658,959 states generated (146,953 s/min), 5,298,252 distinct states found (2,379 ds/min), 2,815,127 states left on queue.
Progress(7) at 2026-08-07 05:32:57: 144,805,621 states generated (146,662 s/min), 5,300,617 distinct states found (2,365 ds/min), 2,815,029 states left on queue.
Progress(7) at 2026-08-07 05:33:57: 144,944,389 states generated (138,768 s/min), 5,302,859 distinct states found (2,242 ds/min), 2,814,928 states left on queue.
Progress(7) at 2026-08-07 05:34:57: 145,093,581 states generated (149,192 s/min), 5,305,281 distinct states found (2,422 ds/min), 2,814,847 states left on queue.
Progress(7) at 2026-08-07 05:35:57: 145,241,413 states generated (147,832 s/min), 5,307,677 distinct states found (2,396 ds/min), 2,814,750 states left on queue.
Progress(7) at 2026-08-07 05:36:57: 145,387,402 states generated (145,989 s/min), 5,310,038 distinct states found (2,361 ds/min), 2,814,654 states left on queue.
Progress(7) at 2026-08-07 05:37:57: 146,554,159 states generated (1,166,757 s/min), 5,328,915 distinct states found (18,877 ds/min), 2,813,511 states left on queue.
Progress(7) at 2026-08-07 05:38:57: 147,841,963 states generated (1,287,804 s/min), 5,352,939 distinct states found (24,024 ds/min), 2,815,544 states left on queue.
Progress(7) at 2026-08-07 05:39:57: 148,498,136 states generated (656,173 s/min), 5,366,491 distinct states found (13,552 ds/min), 2,817,674 states left on queue.
Checkpointing of run states\26-08-06-22-10-23.926
Checkpointing completed at (2026-08-07 05:40:57)
Progress(7) at 2026-08-07 05:40:57: 148,643,955 states generated (145,819 s/min), 5,368,858 distinct states found (2,367 ds/min), 2,817,597 states left on queue.
Progress(7) at 2026-08-07 05:41:57: 148,783,668 states generated (139,713 s/min), 5,371,139 distinct states found (2,281 ds/min), 2,817,535 states left on queue.
Progress(7) at 2026-08-07 05:42:57: 148,939,330 states generated (155,662 s/min), 5,376,823 distinct states found (5,684 ds/min), 2,820,349 states left on queue.
Progress(7) at 2026-08-07 05:43:57: 149,094,160 states generated (154,830 s/min), 5,379,324 distinct states found (2,501 ds/min), 2,820,236 states left on queue.
Progress(7) at 2026-08-07 05:44:57: 149,245,040 states generated (150,880 s/min), 5,381,768 distinct states found (2,444 ds/min), 2,820,161 states left on queue.
Progress(7) at 2026-08-07 05:45:57: 149,394,784 states generated (149,744 s/min), 5,384,192 distinct states found (2,424 ds/min), 2,820,065 states left on queue.
Progress(7) at 2026-08-07 05:46:57: 149,604,805 states generated (210,021 s/min), 5,387,593 distinct states found (3,401 ds/min), 2,819,924 states left on queue.
Progress(7) at 2026-08-07 05:47:57: 150,962,881 states generated (1,358,076 s/min), 5,412,763 distinct states found (25,170 ds/min), 2,821,994 states left on queue.
Progress(7) at 2026-08-07 05:48:57: 152,260,553 states generated (1,297,672 s/min), 5,436,750 distinct states found (23,987 ds/min), 2,823,452 states left on queue.
Progress(7) at 2026-08-07 05:49:57: 152,659,714 states generated (399,161 s/min), 5,446,386 distinct states found (9,636 ds/min), 2,826,146 states left on queue.
Progress(7) at 2026-08-07 05:50:57: 152,810,821 states generated (151,107 s/min), 5,448,840 distinct states found (2,454 ds/min), 2,826,044 states left on queue.
Progress(7) at 2026-08-07 05:51:57: 152,960,588 states generated (149,767 s/min), 5,451,271 distinct states found (2,431 ds/min), 2,825,989 states left on queue.
Progress(7) at 2026-08-07 05:52:57: 153,114,181 states generated (153,593 s/min), 5,453,750 distinct states found (2,479 ds/min), 2,825,866 states left on queue.
Progress(7) at 2026-08-07 05:53:57: 153,262,299 states generated (148,118 s/min), 5,456,169 distinct states found (2,419 ds/min), 2,825,813 states left on queue.
Progress(7) at 2026-08-07 05:54:57: 153,411,614 states generated (149,315 s/min), 5,458,564 distinct states found (2,395 ds/min), 2,825,669 states left on queue.
Progress(7) at 2026-08-07 05:55:57: 153,558,018 states generated (146,404 s/min), 5,460,936 distinct states found (2,372 ds/min), 2,825,582 states left on queue.
Progress(7) at 2026-08-07 05:56:57: 154,445,754 states generated (887,736 s/min), 5,475,555 distinct states found (14,619 ds/min), 2,825,202 states left on queue.
Progress(7) at 2026-08-07 05:57:57: 155,664,038 states generated (1,218,284 s/min), 5,498,109 distinct states found (22,554 ds/min), 2,826,627 states left on queue.
Progress(7) at 2026-08-07 05:58:57: 156,324,044 states generated (660,006 s/min), 5,511,903 distinct states found (13,794 ds/min), 2,829,089 states left on queue.
Progress(7) at 2026-08-07 05:59:57: 156,431,267 states generated (107,223 s/min), 5,513,622 distinct states found (1,719 ds/min), 2,828,995 states left on queue.
Progress(7) at 2026-08-07 06:00:57: 156,536,655 states generated (105,388 s/min), 5,515,335 distinct states found (1,713 ds/min), 2,828,953 states left on queue.
Progress(7) at 2026-08-07 06:01:57: 156,640,236 states generated (103,581 s/min), 5,517,012 distinct states found (1,677 ds/min), 2,828,876 states left on queue.
Progress(7) at 2026-08-07 06:02:57: 156,734,649 states generated (94,413 s/min), 5,518,537 distinct states found (1,525 ds/min), 2,828,814 states left on queue.
Progress(7) at 2026-08-07 06:03:57: 156,828,552 states generated (93,903 s/min), 5,520,067 distinct states found (1,530 ds/min), 2,828,749 states left on queue.
Progress(7) at 2026-08-07 06:04:57: 156,929,103 states generated (100,551 s/min), 5,521,686 distinct states found (1,619 ds/min), 2,828,689 states left on queue.
Progress(7) at 2026-08-07 06:05:57: 157,030,847 states generated (101,744 s/min), 5,523,340 distinct states found (1,654 ds/min), 2,828,609 states left on queue.
Progress(7) at 2026-08-07 06:06:57: 157,342,075 states generated (311,228 s/min), 5,528,368 distinct states found (5,028 ds/min), 2,828,406 states left on queue.
Progress(7) at 2026-08-07 06:07:57: 158,411,948 states generated (1,069,873 s/min), 5,545,807 distinct states found (17,439 ds/min), 2,827,663 states left on queue.
Progress(7) at 2026-08-07 06:08:57: 159,348,940 states generated (936,992 s/min), 5,563,994 distinct states found (18,187 ds/min), 2,829,753 states left on queue.
Progress(7) at 2026-08-07 06:09:58: 159,456,982 states generated (108,042 s/min), 5,565,671 distinct states found (1,677 ds/min), 2,829,603 states left on queue.
Checkpointing of run states\26-08-06-22-10-23.926
Checkpointing completed at (2026-08-07 06:10:58)
Progress(7) at 2026-08-07 06:10:58: 159,563,265 states generated (106,283 s/min), 5,567,385 distinct states found (1,714 ds/min), 2,829,522 states left on queue.
Progress(7) at 2026-08-07 06:11:58: 159,650,899 states generated (87,634 s/min), 5,568,960 distinct states found (1,575 ds/min), 2,829,605 states left on queue.
Progress(7) at 2026-08-07 06:12:58: 159,759,153 states generated (108,254 s/min), 5,570,563 distinct states found (1,603 ds/min), 2,829,393 states left on queue.
Progress(7) at 2026-08-07 06:13:58: 159,877,108 states generated (117,955 s/min), 5,572,743 distinct states found (2,180 ds/min), 2,829,546 states left on queue.
Progress(7) at 2026-08-07 06:14:58: 159,961,651 states generated (84,543 s/min), 5,573,887 distinct states found (1,144 ds/min), 2,829,244 states left on queue.
Progress(7) at 2026-08-07 06:15:58: 160,070,466 states generated (108,815 s/min), 5,575,681 distinct states found (1,794 ds/min), 2,829,159 states left on queue.
Progress(7) at 2026-08-07 06:16:58: 160,195,726 states generated (125,260 s/min), 5,577,891 distinct states found (2,210 ds/min), 2,829,198 states left on queue.
Progress(7) at 2026-08-07 06:17:58: 161,429,048 states generated (1,233,322 s/min), 5,600,673 distinct states found (22,782 ds/min), 2,830,935 states left on queue.
Progress(7) at 2026-08-07 06:18:58: 162,606,688 states generated (1,177,640 s/min), 5,622,770 distinct states found (22,097 ds/min), 2,832,650 states left on queue.
Progress(7) at 2026-08-07 06:19:58: 162,987,821 states generated (381,133 s/min), 5,628,955 distinct states found (6,185 ds/min), 2,832,439 states left on queue.
Progress(7) at 2026-08-07 06:20:58: 163,128,743 states generated (140,922 s/min), 5,631,256 distinct states found (2,301 ds/min), 2,832,373 states left on queue.
Progress(7) at 2026-08-07 06:21:58: 163,266,617 states generated (137,874 s/min), 5,633,471 distinct states found (2,215 ds/min), 2,832,274 states left on queue.
Progress(7) at 2026-08-07 06:22:58: 163,403,472 states generated (136,855 s/min), 5,636,131 distinct states found (2,660 ds/min), 2,832,553 states left on queue.
Progress(7) at 2026-08-07 06:23:58: 163,540,137 states generated (136,665 s/min), 5,638,133 distinct states found (2,002 ds/min), 2,832,207 states left on queue.
Progress(7) at 2026-08-07 06:24:58: 163,677,592 states generated (137,455 s/min), 5,640,317 distinct states found (2,184 ds/min), 2,832,023 states left on queue.
Progress(7) at 2026-08-07 06:25:58: 163,781,395 states generated (103,803 s/min), 5,641,773 distinct states found (1,456 ds/min), 2,831,700 states left on queue.
Progress(7) at 2026-08-07 06:26:58: 163,879,487 states generated (98,092 s/min), 5,643,411 distinct states found (1,638 ds/min), 2,831,644 states left on queue.
Progress(7) at 2026-08-07 06:27:58: 164,857,096 states generated (977,609 s/min), 5,657,061 distinct states found (13,650 ds/min), 2,823,961 states left on queue.
Progress(7) at 2026-08-07 06:28:58: 166,281,978 states generated (1,424,882 s/min), 5,657,061 distinct states found (0 ds/min), 2,744,801 states left on queue.
Progress(7) at 2026-08-07 06:29:58: 166,811,484 states generated (529,506 s/min), 5,657,061 distinct states found (0 ds/min), 2,715,384 states left on queue.
Progress(7) at 2026-08-07 06:30:58: 166,942,574 states generated (131,090 s/min), 5,657,061 distinct states found (0 ds/min), 2,708,101 states left on queue.
Progress(7) at 2026-08-07 06:31:58: 167,074,516 states generated (131,942 s/min), 5,657,061 distinct states found (0 ds/min), 2,700,771 states left on queue.
Progress(7) at 2026-08-07 06:32:58: 167,193,640 states generated (119,124 s/min), 5,657,061 distinct states found (0 ds/min), 2,694,152 states left on queue.
Progress(7) at 2026-08-07 06:33:58: 167,320,866 states generated (127,226 s/min), 5,657,061 distinct states found (0 ds/min), 2,687,084 states left on queue.
Progress(7) at 2026-08-07 06:34:58: 167,447,720 states generated (126,854 s/min), 5,657,061 distinct states found (0 ds/min), 2,680,037 states left on queue.
Progress(7) at 2026-08-07 06:35:58: 167,584,340 states generated (136,620 s/min), 5,657,061 distinct states found (0 ds/min), 2,672,447 states left on queue.
Progress(7) at 2026-08-07 06:36:58: 167,739,404 states generated (155,064 s/min), 5,657,061 distinct states found (0 ds/min), 2,663,833 states left on queue.
Progress(7) at 2026-08-07 06:37:58: 168,575,553 states generated (836,149 s/min), 5,657,061 distinct states found (0 ds/min), 2,617,379 states left on queue.
Progress(7) at 2026-08-07 06:38:58: 169,946,683 states generated (1,371,130 s/min), 5,657,061 distinct states found (0 ds/min), 2,541,206 states left on queue.
Progress(7) at 2026-08-07 06:39:58: 170,870,321 states generated (923,638 s/min), 5,657,061 distinct states found (0 ds/min), 2,489,893 states left on queue.
Checkpointing of run states\26-08-06-22-10-23.926
Checkpointing completed at (2026-08-07 06:40:59)
Progress(7) at 2026-08-07 06:40:59: 170,996,354 states generated (126,033 s/min), 5,657,061 distinct states found (0 ds/min), 2,482,890 states left on queue.
Progress(7) at 2026-08-07 06:41:59: 171,145,263 states generated (148,909 s/min), 5,657,061 distinct states found (0 ds/min), 2,474,618 states left on queue.
Progress(7) at 2026-08-07 06:42:59: 171,305,432 states generated (160,169 s/min), 5,657,061 distinct states found (0 ds/min), 2,465,719 states left on queue.
Progress(7) at 2026-08-07 06:43:59: 171,436,837 states generated (131,405 s/min), 5,657,061 distinct states found (0 ds/min), 2,458,420 states left on queue.
Progress(7) at 2026-08-07 06:44:59: 171,552,949 states generated (116,112 s/min), 5,657,061 distinct states found (0 ds/min), 2,451,969 states left on queue.
Progress(7) at 2026-08-07 06:45:59: 171,658,644 states generated (105,695 s/min), 5,657,061 distinct states found (0 ds/min), 2,446,098 states left on queue.
Progress(7) at 2026-08-07 06:46:59: 171,805,825 states generated (147,181 s/min), 5,657,061 distinct states found (0 ds/min), 2,437,921 states left on queue.
Progress(7) at 2026-08-07 06:47:59: 172,485,573 states generated (679,748 s/min), 5,657,061 distinct states found (0 ds/min), 2,400,157 states left on queue.
Progress(7) at 2026-08-07 06:48:59: 173,764,960 states generated (1,279,387 s/min), 5,657,061 distinct states found (0 ds/min), 2,329,079 states left on queue.
Progress(7) at 2026-08-07 06:49:59: 174,828,706 states generated (1,063,746 s/min), 5,657,061 distinct states found (0 ds/min), 2,269,982 states left on queue.
Progress(7) at 2026-08-07 06:50:59: 174,965,702 states generated (136,996 s/min), 5,657,061 distinct states found (0 ds/min), 2,262,371 states left on queue.
Progress(7) at 2026-08-07 06:51:59: 175,107,214 states generated (141,512 s/min), 5,657,061 distinct states found (0 ds/min), 2,254,510 states left on queue.
Progress(7) at 2026-08-07 06:52:59: 175,240,259 states generated (133,045 s/min), 5,657,061 distinct states found (0 ds/min), 2,247,118 states left on queue.
Progress(7) at 2026-08-07 06:53:59: 175,377,396 states generated (137,137 s/min), 5,657,061 distinct states found (0 ds/min), 2,239,500 states left on queue.
Progress(7) at 2026-08-07 06:54:59: 175,516,111 states generated (138,715 s/min), 5,657,061 distinct states found (0 ds/min), 2,231,793 states left on queue.
Progress(7) at 2026-08-07 06:55:59: 175,656,121 states generated (140,010 s/min), 5,657,061 distinct states found (0 ds/min), 2,224,015 states left on queue.
Progress(7) at 2026-08-07 06:56:59: 175,795,355 states generated (139,234 s/min), 5,657,061 distinct states found (0 ds/min), 2,216,279 states left on queue.
Progress(7) at 2026-08-07 06:57:59: 175,923,162 states generated (127,807 s/min), 5,657,061 distinct states found (0 ds/min), 2,209,178 states left on queue.
Progress(7) at 2026-08-07 06:58:59: 176,819,925 states generated (896,763 s/min), 5,657,061 distinct states found (0 ds/min), 2,159,359 states left on queue.
Progress(7) at 2026-08-07 06:59:59: 178,043,749 states generated (1,223,824 s/min), 5,657,061 distinct states found (0 ds/min), 2,091,368 states left on queue.
Progress(7) at 2026-08-07 07:00:59: 178,836,875 states generated (793,126 s/min), 5,657,061 distinct states found (0 ds/min), 2,047,306 states left on queue.
Progress(7) at 2026-08-07 07:01:59: 178,974,247 states generated (137,372 s/min), 5,657,061 distinct states found (0 ds/min), 2,039,674 states left on queue.
Progress(7) at 2026-08-07 07:02:59: 179,108,294 states generated (134,047 s/min), 5,657,061 distinct states found (0 ds/min), 2,032,228 states left on queue.
Progress(7) at 2026-08-07 07:03:59: 179,222,616 states generated (114,322 s/min), 5,657,061 distinct states found (0 ds/min), 2,025,877 states left on queue.
Progress(7) at 2026-08-07 07:04:59: 179,356,020 states generated (133,404 s/min), 5,657,061 distinct states found (0 ds/min), 2,018,465 states left on queue.
Progress(7) at 2026-08-07 07:05:59: 179,509,212 states generated (153,192 s/min), 5,657,061 distinct states found (0 ds/min), 2,009,954 states left on queue.
Progress(7) at 2026-08-07 07:06:59: 179,643,965 states generated (134,753 s/min), 5,657,061 distinct states found (0 ds/min), 2,002,468 states left on queue.
Progress(7) at 2026-08-07 07:07:59: 179,770,978 states generated (127,013 s/min), 5,657,061 distinct states found (0 ds/min), 1,995,411 states left on queue.
Progress(7) at 2026-08-07 07:08:59: 179,933,171 states generated (162,193 s/min), 5,657,061 distinct states found (0 ds/min), 1,986,401 states left on queue.
Progress(7) at 2026-08-07 07:09:59: 180,550,571 states generated (617,400 s/min), 5,657,061 distinct states found (0 ds/min), 1,952,100 states left on queue.
Checkpointing of run states\26-08-06-22-10-23.926
Checkpointing completed at (2026-08-07 07:10:59)
Progress(7) at 2026-08-07 07:10:59: 181,666,660 states generated (1,116,089 s/min), 5,657,061 distinct states found (0 ds/min), 1,890,095 states left on queue.
Progress(7) at 2026-08-07 07:11:59: 182,773,357 states generated (1,106,697 s/min), 5,657,061 distinct states found (0 ds/min), 1,828,613 states left on queue.
Progress(7) at 2026-08-07 07:12:59: 182,894,446 states generated (121,089 s/min), 5,657,061 distinct states found (0 ds/min), 1,821,885 states left on queue.
Progress(7) at 2026-08-07 07:13:59: 183,048,402 states generated (153,956 s/min), 5,657,061 distinct states found (0 ds/min), 1,813,333 states left on queue.
Progress(7) at 2026-08-07 07:14:59: 183,207,650 states generated (159,248 s/min), 5,657,061 distinct states found (0 ds/min), 1,804,485 states left on queue.
Progress(7) at 2026-08-07 07:15:59: 183,357,617 states generated (149,967 s/min), 5,657,061 distinct states found (0 ds/min), 1,796,154 states left on queue.
Progress(7) at 2026-08-07 07:16:59: 183,499,735 states generated (142,118 s/min), 5,657,061 distinct states found (0 ds/min), 1,788,258 states left on queue.
Progress(7) at 2026-08-07 07:17:59: 183,645,846 states generated (146,111 s/min), 5,657,061 distinct states found (0 ds/min), 1,780,142 states left on queue.
Progress(7) at 2026-08-07 07:18:59: 183,790,669 states generated (144,823 s/min), 5,657,061 distinct states found (0 ds/min), 1,772,095 states left on queue.
Progress(7) at 2026-08-07 07:19:59: 183,930,069 states generated (139,400 s/min), 5,657,061 distinct states found (0 ds/min), 1,764,351 states left on queue.
Progress(7) at 2026-08-07 07:20:59: 184,293,435 states generated (363,366 s/min), 5,657,061 distinct states found (0 ds/min), 1,744,165 states left on queue.
Progress(7) at 2026-08-07 07:21:59: 185,570,513 states generated (1,277,078 s/min), 5,657,061 distinct states found (0 ds/min), 1,673,216 states left on queue.
Progress(7) at 2026-08-07 07:22:59: 186,799,812 states generated (1,229,299 s/min), 5,657,061 distinct states found (0 ds/min), 1,604,920 states left on queue.
Progress(7) at 2026-08-07 07:23:59: 186,965,407 states generated (165,595 s/min), 5,657,061 distinct states found (0 ds/min), 1,595,721 states left on queue.
Progress(7) at 2026-08-07 07:24:59: 187,101,258 states generated (135,851 s/min), 5,657,061 distinct states found (0 ds/min), 1,588,174 states left on queue.
Progress(7) at 2026-08-07 07:25:59: 187,232,183 states generated (130,925 s/min), 5,657,061 distinct states found (0 ds/min), 1,580,901 states left on queue.
Progress(7) at 2026-08-07 07:26:59: 187,390,793 states generated (158,610 s/min), 5,657,061 distinct states found (0 ds/min), 1,572,088 states left on queue.
Progress(7) at 2026-08-07 07:27:59: 187,552,008 states generated (161,215 s/min), 5,657,061 distinct states found (0 ds/min), 1,563,132 states left on queue.
Progress(7) at 2026-08-07 07:28:59: 187,716,569 states generated (164,561 s/min), 5,657,061 distinct states found (0 ds/min), 1,553,990 states left on queue.
Progress(7) at 2026-08-07 07:29:59: 187,840,749 states generated (124,180 s/min), 5,657,061 distinct states found (0 ds/min), 1,547,091 states left on queue.
Progress(7) at 2026-08-07 07:30:59: 187,945,266 states generated (104,517 s/min), 5,657,061 distinct states found (0 ds/min), 1,541,284 states left on queue.
Progress(7) at 2026-08-07 07:31:59: 188,363,690 states generated (418,424 s/min), 5,657,061 distinct states found (0 ds/min), 1,518,038 states left on queue.
Progress(7) at 2026-08-07 07:32:59: 189,470,590 states generated (1,106,900 s/min), 5,657,061 distinct states found (0 ds/min), 1,456,543 states left on queue.
Progress(7) at 2026-08-07 07:33:59: 190,523,546 states generated (1,052,956 s/min), 5,657,061 distinct states found (0 ds/min), 1,398,046 states left on queue.
Progress(7) at 2026-08-07 07:34:59: 190,684,218 states generated (160,672 s/min), 5,657,061 distinct states found (0 ds/min), 1,389,121 states left on queue.
Progress(7) at 2026-08-07 07:35:59: 190,824,077 states generated (139,859 s/min), 5,657,061 distinct states found (0 ds/min), 1,381,351 states left on queue.
Progress(7) at 2026-08-07 07:36:59: 190,979,570 states generated (155,493 s/min), 5,657,061 distinct states found (0 ds/min), 1,372,712 states left on queue.
Progress(7) at 2026-08-07 07:37:59: 191,124,801 states generated (145,231 s/min), 5,657,061 distinct states found (0 ds/min), 1,364,644 states left on queue.
Progress(7) at 2026-08-07 07:38:59: 191,273,285 states generated (148,484 s/min), 5,657,061 distinct states found (0 ds/min), 1,356,395 states left on queue.
Progress(7) at 2026-08-07 07:39:59: 191,403,638 states generated (130,353 s/min), 5,657,061 distinct states found (0 ds/min), 1,349,152 states left on queue.
Checkpointing of run states\26-08-06-22-10-23.926
Checkpointing completed at (2026-08-07 07:41:00)
Progress(7) at 2026-08-07 07:41:00: 191,554,473 states generated (150,835 s/min), 5,657,061 distinct states found (0 ds/min), 1,340,774 states left on queue.
Progress(7) at 2026-08-07 07:42:00: 191,707,491 states generated (153,018 s/min), 5,657,061 distinct states found (0 ds/min), 1,332,272 states left on queue.
Progress(7) at 2026-08-07 07:43:00: 192,094,492 states generated (387,001 s/min), 5,657,061 distinct states found (0 ds/min), 1,310,771 states left on queue.
Progress(7) at 2026-08-07 07:44:00: 193,562,687 states generated (1,468,195 s/min), 5,657,061 distinct states found (0 ds/min), 1,229,206 states left on queue.
Progress(7) at 2026-08-07 07:45:00: 194,992,927 states generated (1,430,240 s/min), 5,657,061 distinct states found (0 ds/min), 1,149,747 states left on queue.
Progress(7) at 2026-08-07 07:46:00: 195,159,203 states generated (166,276 s/min), 5,657,061 distinct states found (0 ds/min), 1,140,509 states left on queue.
Progress(7) at 2026-08-07 07:47:00: 195,304,431 states generated (145,228 s/min), 5,657,061 distinct states found (0 ds/min), 1,132,441 states left on queue.
Progress(7) at 2026-08-07 07:48:00: 195,423,863 states generated (119,432 s/min), 5,657,061 distinct states found (0 ds/min), 1,125,807 states left on queue.
Progress(7) at 2026-08-07 07:49:00: 195,550,105 states generated (126,242 s/min), 5,657,061 distinct states found (0 ds/min), 1,118,792 states left on queue.
Progress(7) at 2026-08-07 07:50:00: 195,668,811 states generated (118,706 s/min), 5,657,061 distinct states found (0 ds/min), 1,112,199 states left on queue.
Progress(7) at 2026-08-07 07:51:00: 195,789,487 states generated (120,676 s/min), 5,657,061 distinct states found (0 ds/min), 1,105,494 states left on queue.
Progress(7) at 2026-08-07 07:52:00: 195,908,369 states generated (118,882 s/min), 5,657,061 distinct states found (0 ds/min), 1,098,890 states left on queue.
Progress(7) at 2026-08-07 07:53:00: 196,025,905 states generated (117,536 s/min), 5,657,061 distinct states found (0 ds/min), 1,092,359 states left on queue.
Progress(7) at 2026-08-07 07:54:00: 196,849,628 states generated (823,723 s/min), 5,657,061 distinct states found (0 ds/min), 1,046,598 states left on queue.
Progress(7) at 2026-08-07 07:55:00: 198,138,090 states generated (1,288,462 s/min), 5,657,061 distinct states found (0 ds/min), 975,016 states left on queue.
Progress(7) at 2026-08-07 07:56:00: 198,670,588 states generated (532,498 s/min), 5,657,061 distinct states found (0 ds/min), 945,433 states left on queue.
Progress(7) at 2026-08-07 07:57:00: 198,823,685 states generated (153,097 s/min), 5,657,061 distinct states found (0 ds/min), 936,929 states left on queue.
Progress(7) at 2026-08-07 07:58:00: 198,987,392 states generated (163,707 s/min), 5,657,061 distinct states found (0 ds/min), 927,834 states left on queue.
Progress(7) at 2026-08-07 07:59:00: 199,147,984 states generated (160,592 s/min), 5,657,061 distinct states found (0 ds/min), 918,911 states left on queue.
Progress(7) at 2026-08-07 08:00:00: 199,315,664 states generated (167,680 s/min), 5,657,061 distinct states found (0 ds/min), 909,595 states left on queue.
Progress(7) at 2026-08-07 08:01:00: 199,478,297 states generated (162,633 s/min), 5,657,061 distinct states found (0 ds/min), 900,560 states left on queue.
Progress(7) at 2026-08-07 08:02:00: 199,636,132 states generated (157,835 s/min), 5,657,061 distinct states found (0 ds/min), 891,792 states left on queue.
Progress(7) at 2026-08-07 08:03:00: 199,752,835 states generated (116,703 s/min), 5,657,061 distinct states found (0 ds/min), 885,307 states left on queue.
Progress(7) at 2026-08-07 08:04:00: 199,830,121 states generated (77,286 s/min), 5,657,061 distinct states found (0 ds/min), 881,014 states left on queue.
Progress(7) at 2026-08-07 08:05:00: 201,004,196 states generated (1,174,075 s/min), 5,657,061 distinct states found (0 ds/min), 815,788 states left on queue.
Progress(7) at 2026-08-07 08:06:00: 202,289,496 states generated (1,285,300 s/min), 5,657,061 distinct states found (0 ds/min), 744,382 states left on queue.
Progress(7) at 2026-08-07 08:07:00: 202,655,301 states generated (365,805 s/min), 5,657,061 distinct states found (0 ds/min), 724,061 states left on queue.
Progress(7) at 2026-08-07 08:08:00: 202,816,373 states generated (161,072 s/min), 5,657,061 distinct states found (0 ds/min), 715,112 states left on queue.
Progress(7) at 2026-08-07 08:09:00: 202,984,759 states generated (168,386 s/min), 5,657,061 distinct states found (0 ds/min), 705,758 states left on queue.
Progress(7) at 2026-08-07 08:10:00: 203,151,523 states generated (166,764 s/min), 5,657,061 distinct states found (0 ds/min), 696,492 states left on queue.
Checkpointing of run states\26-08-06-22-10-23.926
Checkpointing completed at (2026-08-07 08:11:01)
Progress(7) at 2026-08-07 08:11:01: 203,313,007 states generated (161,484 s/min), 5,657,061 distinct states found (0 ds/min), 687,521 states left on queue.
Progress(7) at 2026-08-07 08:12:01: 203,477,961 states generated (164,954 s/min), 5,657,061 distinct states found (0 ds/min), 678,357 states left on queue.
Progress(7) at 2026-08-07 08:13:01: 203,644,192 states generated (166,231 s/min), 5,657,061 distinct states found (0 ds/min), 669,123 states left on queue.
Progress(7) at 2026-08-07 08:14:01: 203,811,749 states generated (167,557 s/min), 5,657,061 distinct states found (0 ds/min), 659,813 states left on queue.
Progress(7) at 2026-08-07 08:15:01: 203,973,976 states generated (162,227 s/min), 5,657,061 distinct states found (0 ds/min), 650,801 states left on queue.
Progress(7) at 2026-08-07 08:16:01: 204,962,818 states generated (988,842 s/min), 5,657,061 distinct states found (0 ds/min), 595,865 states left on queue.
Progress(7) at 2026-08-07 08:17:01: 206,046,390 states generated (1,083,572 s/min), 5,657,061 distinct states found (0 ds/min), 535,666 states left on queue.
Progress(7) at 2026-08-07 08:18:01: 206,724,417 states generated (678,027 s/min), 5,657,061 distinct states found (0 ds/min), 497,999 states left on queue.
Progress(7) at 2026-08-07 08:19:01: 206,891,981 states generated (167,564 s/min), 5,657,061 distinct states found (0 ds/min), 488,689 states left on queue.
Progress(7) at 2026-08-07 08:20:01: 207,010,270 states generated (118,289 s/min), 5,657,061 distinct states found (0 ds/min), 482,118 states left on queue.
Progress(7) at 2026-08-07 08:21:01: 207,084,623 states generated (74,353 s/min), 5,657,061 distinct states found (0 ds/min), 477,987 states left on queue.
Progress(7) at 2026-08-07 08:22:01: 207,181,195 states generated (96,572 s/min), 5,657,061 distinct states found (0 ds/min), 472,621 states left on queue.
Progress(7) at 2026-08-07 08:23:01: 207,337,003 states generated (155,808 s/min), 5,657,061 distinct states found (0 ds/min), 463,966 states left on queue.
Progress(7) at 2026-08-07 08:24:01: 207,505,700 states generated (168,697 s/min), 5,657,061 distinct states found (0 ds/min), 454,593 states left on queue.
Progress(7) at 2026-08-07 08:25:01: 207,636,812 states generated (131,112 s/min), 5,657,061 distinct states found (0 ds/min), 447,310 states left on queue.
Progress(7) at 2026-08-07 08:26:01: 207,717,597 states generated (80,785 s/min), 5,657,061 distinct states found (0 ds/min), 442,822 states left on queue.
Progress(7) at 2026-08-07 08:27:01: 208,921,209 states generated (1,203,612 s/min), 5,657,061 distinct states found (0 ds/min), 375,955 states left on queue.
Progress(7) at 2026-08-07 08:28:01: 210,384,316 states generated (1,463,107 s/min), 5,657,061 distinct states found (0 ds/min), 294,671 states left on queue.
Progress(7) at 2026-08-07 08:29:01: 210,791,154 states generated (406,838 s/min), 5,657,061 distinct states found (0 ds/min), 272,069 states left on queue.
Progress(7) at 2026-08-07 08:30:01: 210,956,651 states generated (165,497 s/min), 5,657,061 distinct states found (0 ds/min), 262,874 states left on queue.
Progress(7) at 2026-08-07 08:31:01: 211,115,921 states generated (159,270 s/min), 5,657,061 distinct states found (0 ds/min), 254,026 states left on queue.
Progress(7) at 2026-08-07 08:32:01: 211,275,043 states generated (159,122 s/min), 5,657,061 distinct states found (0 ds/min), 245,186 states left on queue.
Progress(7) at 2026-08-07 08:33:01: 211,416,160 states generated (141,117 s/min), 5,657,061 distinct states found (0 ds/min), 237,346 states left on queue.
Progress(7) at 2026-08-07 08:34:01: 211,549,058 states generated (132,898 s/min), 5,657,061 distinct states found (0 ds/min), 229,962 states left on queue.
Progress(7) at 2026-08-07 08:35:01: 211,705,730 states generated (156,672 s/min), 5,657,061 distinct states found (0 ds/min), 221,259 states left on queue.
Progress(7) at 2026-08-07 08:36:01: 211,867,543 states generated (161,813 s/min), 5,657,061 distinct states found (0 ds/min), 212,270 states left on queue.
Progress(7) at 2026-08-07 08:37:01: 212,029,784 states generated (162,241 s/min), 5,657,061 distinct states found (0 ds/min), 203,255 states left on queue.
Progress(7) at 2026-08-07 08:38:01: 212,897,847 states generated (868,063 s/min), 5,657,061 distinct states found (0 ds/min), 155,030 states left on queue.
Progress(7) at 2026-08-07 08:39:01: 213,980,987 states generated (1,083,140 s/min), 5,657,061 distinct states found (0 ds/min), 94,856 states left on queue.
Progress(7) at 2026-08-07 08:40:01: 214,853,933 states generated (872,946 s/min), 5,657,061 distinct states found (0 ds/min), 46,359 states left on queue.
Checkpointing of run states\26-08-06-22-10-23.926
Checkpointing completed at (2026-08-07 08:41:02)
Progress(7) at 2026-08-07 08:41:02: 215,007,720 states generated (153,787 s/min), 5,657,061 distinct states found (0 ds/min), 37,816 states left on queue.
Progress(7) at 2026-08-07 08:42:02: 215,172,815 states generated (165,095 s/min), 5,657,061 distinct states found (0 ds/min), 28,643 states left on queue.
Progress(7) at 2026-08-07 08:43:02: 215,338,458 states generated (165,643 s/min), 5,657,061 distinct states found (0 ds/min), 19,440 states left on queue.
Progress(7) at 2026-08-07 08:44:02: 215,461,879 states generated (123,421 s/min), 5,657,061 distinct states found (0 ds/min), 12,584 states left on queue.
Progress(7) at 2026-08-07 08:45:02: 215,577,558 states generated (115,679 s/min), 5,657,061 distinct states found (0 ds/min), 6,158 states left on queue.
Model checking completed. No error has been found.
  Estimates of the probability that TLC did not check all reachable states
  because two distinct states had the same fingerprint:
  calculated (optimistic):  val = 6.4E-5
  based on the actual fingerprints:  val = 1.5E-6
215688418 states generated, 5657061 distinct states found, 0 states left on queue.
The depth of the complete state graph search is 7.
The average outdegree of the complete state graph is 1 (minimum is 0, the maximum 31 and the 95th percentile is 1).
Finished in 10h 35min at (2026-08-07 08:45:51)
